"","abundance","exp_mass","formula","class","group","C","H","O","N","S","P","E","S34","N15","D","Cl","Fl","Cl37","Br","Br81","I","M","NH4","POE","NOE","Z","neutral_mass","theor_mass","err_ppm","AE_ppm","NM","KM","KMD","DBE","O_C","H_C","DBEO","max_LA","actual_LA","rule_13","max_H","H_test","C13_mass","C13_abund","C13_mass2","C13_abund2","S34_mass","S34_abund","tag"
"1",1321487,210.918762817007,"C4H2O4S3","O4S3","CHOS",4,2,4,0,3,0,0,0,0,0,0,0,0,0,0,0,0,0,0,0,1,209.911486364847,210.91879719516,-0.163774520253125,0.16,211,210.683249042185,0.316750957815174,4,1,0.5,0,16.1470400571538,11,0.7,10,0.2,0,0,0,0,0,0,"Unambiguous"
"2",1049104,421.240660200379,"C16H32N6O7","N6O7","CHNO",16,32,7,6,0,0,0,0,0,0,0,0,0,0,0,0,0,0,0,0,1,420.233383748219,421.24052387346,0.324407638205118,0.32,421,420.77029911601,0.229700883989551,4,0.4375,2,-3,32.3256344170231,29,0.9,34,0.9,0,0,0,0,0,0,"Unambiguous"
"3",1363971,393.209265849606,"C14H28N6O7","N6O7","CHNO",14,28,7,6,0,0,0,0,0,0,0,0,0,0,0,0,0,0,0,0,1,392.201989397446,393.20922374586,0.107352199718154,0.11,393,392.77020487059,0.229795129409808,4,0.5,2,-3,30.1693805610538,27,0.9,30,0.9,0,0,0,0,0,0,"Unambiguous"
"4",1010805,299.161455632089,"C15H18N6O","N6O","CHNO",15,18,1,6,0,0,0,0,0,0,0,0,0,0,0,0,0,0,0,0,1,298.154179179929,299.16148569306,-0.100823578384965,0.1,299,298.827409278146,0.172590721854363,10,0.0666666666666667,1.2,9,22.9349391723769,22,1,32,0.6,0,0,0,0,0,0,"Unambiguous"
"5",1787258,269.135649373625,"C10H16N6O3","N6O3","CHNO",10,16,3,6,0,0,0,0,0,0,0,0,0,0,0,0,0,0,0,0,1,268.128372921465,269.13566487386,-0.0578090051713866,0.06,269,268.835130103189,0.164869896811297,6,0.3,1.6,3,20.6252606478231,19,0.9,22,0.7,0,0,0,0,0,0,"Unambiguous"
"6",2175178,267.120021325525,"C10H14N6O3","N6O3","CHNO",10,14,3,6,0,0,0,0,0,0,0,0,0,0,0,0,0,0,0,0,1,266.112744873365,267.12001481006,0.0244838527443404,0.02,267,266.821752723374,0.178247276626223,7,0.3,1.4,4,20.4702106429154,19,0.9,22,0.6,0,0,0,0,0,0,"Unambiguous"
"7",1797784,255.15643291086,"C10H18N6O2","N6O2","CHNO",10,18,2,6,0,0,0,0,0,0,0,0,0,0,0,0,0,0,0,0,1,254.1491564587,255.15640031536,0.128253427397153,0.13,255,254.87152295841,0.128477041589576,5,0.2,1.8,3,19.5499326048615,18,0.9,22,0.8,0,0,0,0,0,0,"Unambiguous"
"8",1671131,253.104394898019,"C9H12N6O3","N6O3","CHNO",9,12,3,6,0,0,0,0,0,0,0,0,0,0,0,0,0,0,0,0,1,252.097118445859,253.10436474626,0.119603743160112,0.12,253,252.821776269546,0.178223730453766,7,0.333333333333333,1.33333333333333,4,19.3920837149308,18,0.9,20,0.6,0,0,0,0,0,0,"Unambiguous"
"9",1423985,249.182248696159,"C12H20N6","N6","CHN",12,20,0,6,0,0,0,0,0,0,0,0,0,0,0,0,0,0,0,0,1,248.174972243999,249.18222113456,0.11105712344633,0.11,249,248.904009571174,0.0959904288264113,6,0,1.66666666666667,6,19.0903803601846,18,0.9,26,0.8,0,0,0,0,0,0,"Unambiguous"
"10",1300026,229.140926148842,"C8H16N6O2","N6O2","CHNO",8,16,2,6,0,0,0,0,0,0,0,0,0,0,0,0,0,0,0,0,1,228.133649696682,229.14075025156,0.771027344075277,0.77,229,228.885065343654,0.114934656345724,4,0.25,2,2,17.5487287538,16,0.9,18,0.9,0,0,0,0,0,0,"Unambiguous"
"11",1588166,213.14602200197,"C8H16N6O","N6O","CHNO",8,16,1,6,0,0,0,0,0,0,0,0,0,0,0,0,0,0,0,0,1,212.13874554981,213.14583562926,0.87854158778239,0.88,213,212.908021249645,0.0919787503551959,4,0.125,2,3,16.3183507059308,15,0.9,18,0.9,0,0,0,0,0,0,"Unambiguous"
"12",1157244,209.114353477307,"C8H12N6O","N6O","CHNO",8,12,1,6,0,0,0,0,0,0,0,0,0,0,0,0,0,0,0,0,1,208.107077025147,209.11453550166,-0.874666807648477,0.87,209,208.880854522074,0.119145477926338,6,0.125,1.5,5,16.0082506961154,15,0.9,18,0.7,0,0,0,0,0,0,"Unambiguous"
"13",1389663,195.098825726806,"C7H10N6O","N6O","CHNO",7,10,1,6,0,0,0,0,0,0,0,0,0,0,0,0,0,0,0,0,1,194.091549274646,195.09888543786,-0.307643762509799,0.31,195,194.880976635067,0.119023364932957,6,0.142857142857143,1.42857142857143,5,14.9301237681308,14,0.9,16,0.6,0,0,0,0,0,0,"Unambiguous"
"14",1219621,723.486516797766,"C33H66N6O11","N6O11","CHNO",33,66,11,6,0,0,0,0,0,0,0,0,0,0,0,0,0,0,0,0,1,722.479240345606,723.48623344726,0.392191900392646,0.39,723,722.678665289782,0.32133471021848,4,0.333333333333333,2,-7,55.5753043842385,50,0.9,68,1,0,0,0,0,0,0,"Unambiguous"
"15",1485888,607.403016925376,"C27H54N6O9","N6O9","CHNO",27,54,9,6,0,0,0,0,0,0,0,0,0,0,0,0,0,0,0,0,1,606.395740473216,607.40250381986,0.846156200534282,0.85,607,606.72478529039,0.275214709609486,4,0.333333333333333,2,-5,46.6457867205923,42,0.9,56,1,0,0,0,0,0,0,"Unambiguous"
"16",1010871,593.365913894175,"C29H48N6O7","N6O7","CHNO",29,48,7,6,0,0,0,0,0,0,0,0,0,0,0,0,0,0,0,0,1,592.358637442015,593.36572438386,0.319924963024696,0.32,593,592.703356213836,0.296643786163941,9,0.241379310344828,1.6551724137931,2,45.5660344562846,42,0.9,60,0.8,0,0,0,0,0,0,"Unambiguous"
"17",1207741,495.256492053516,"C22H34N6O7","N6O7","CHNO",22,34,7,6,0,0,0,0,0,0,0,0,0,0,0,0,0,0,0,0,1,494.249215601356,495.25617393726,0.643635328085343,0.64,495,494.703484230073,0.296515769926941,9,0.318181818181818,1.54545454545455,2,38.0191459603923,35,0.9,46,0.7,0,0,0,0,0,0,"Unambiguous"
"18",2825724,491.297981957174,"C24H38N6O5","N6O5","CHNO",24,38,5,6,0,0,0,0,0,0,0,0,0,0,0,0,0,0,0,0,1,490.290705505014,491.29764482026,0.687626565943648,0.69,491,490.749394241468,0.250605758531549,9,0.208333333333333,1.58333333333333,4,37.7146437206231,35,0.9,50,0.8,0,0,0,0,0,0,"Unambiguous"
"19",1510688,489.318711909003,"C25H40N6O4","N6O4","CHNO",25,40,4,6,0,0,0,0,0,0,0,0,0,0,0,0,0,0,0,0,1,488.311435456843,489.31838026176,0.679171566823961,0.68,489,488.772334263915,0.227665736085157,9,0.16,1.6,5,37.5623926007385,35,0.9,52,0.8,0,0,0,0,0,0,"Unambiguous"
"20",2779373,479.261551664232,"C22H34N6O6","N6O6","CHNO",22,34,6,6,0,0,0,0,0,0,0,0,0,0,0,0,0,0,0,0,1,478.254275212072,479.26125931496,0.611284179765933,0.61,479,478.72640393412,0.273596065879758,9,0.272727272727273,1.54545454545455,3,36.7887679125231,34,0.9,46,0.7,0,0,0,0,0,0,"Unambiguous"
"21",2918434,477.28226161606,"C23H36N6O5","N6O5","CHNO",23,36,5,6,0,0,0,0,0,0,0,0,0,0,0,0,0,0,0,0,1,476.2749851639,477.28199475646,0.560305724391759,0.56,477,476.749323978898,0.25067602110164,9,0.217391304347826,1.56521739130435,4,36.6365167926385,34,0.9,48,0.8,0,0,0,0,0,0,"Unambiguous"
"22",2431882,465.245911323121,"C21H32N6O6","N6O6","CHNO",21,32,6,6,0,0,0,0,0,0,0,0,0,0,0,0,0,0,0,0,1,464.238634870961,465.24560925116,0.650682511196053,0.65,465,464.726413582223,0.273586417776585,9,0.285714285714286,1.52380952380952,3,35.7106409845385,33,0.9,44,0.7,0,0,0,0,0,0,"Unambiguous"
"23",3607250,463.26668127495,"C22H34N6O5","N6O5","CHNO",22,34,5,6,0,0,0,0,0,0,0,0,0,0,0,0,0,0,0,0,1,462.25940482279,463.26634469266,0.728124267095773,0.73,463,462.749393560006,0.250606439993589,9,0.227272727272727,1.54545454545455,4,35.5583898646538,33,0.9,46,0.7,0,0,0,0,0,0,"Unambiguous"
"24",2148016,451.230240982008,"C20H30N6O6","N6O6","CHNO",20,30,6,6,0,0,0,0,0,0,0,0,0,0,0,0,0,0,0,0,1,450.222964529848,451.22995918736,0.625900210663234,0.63,451,450.726393263824,0.27360673617585,9,0.3,1.5,3,34.6325140565538,32,0.9,42,0.7,0,0,0,0,0,0,"Unambiguous"
"25",4006412,449.251000933838,"C21H32N6O5","N6O5","CHNO",21,32,5,6,0,0,0,0,0,0,0,0,0,0,0,0,0,0,0,0,1,448.243724481678,449.25069462886,0.683344709769726,0.68,449,448.749363252773,0.250636747226963,9,0.238095238095238,1.52380952380952,4,34.4802629366692,32,0.9,44,0.7,0,0,0,0,0,0,"Unambiguous"
"26",1312351,437.235626410879,"C16H32N6O8","N6O8","CHNO",16,32,8,6,0,0,0,0,0,0,0,0,0,0,0,0,0,0,0,0,1,436.228349958719,437.23543849576,0.430772367831625,0.43,437,436.747405204347,0.25259479565284,4,0.5,2,-4,33.5560124648923,30,0.9,34,0.9,0,0,0,0,0,0,"Unambiguous"
"27",3447244,435.23522688481,"C20H30N6O5","N6O5","CHNO",20,30,5,6,0,0,0,0,0,0,0,0,0,0,0,0,0,0,0,0,1,434.22795043265,435.23504456506,0.419871061495356,0.42,435,434.74923934226,0.250760657740045,9,0.25,1.5,4,33.4021360086846,31,0.9,42,0.7,0,0,0,0,0,0,"Unambiguous"
"28",1011376,431.276717822654,"C22H34N6O3","N6O3","CHNO",22,34,3,6,0,0,0,0,0,0,0,0,0,0,0,0,0,0,0,0,1,430.269441370494,431.27651544806,0.470343868972744,0.47,431,430.795150386686,0.204849613314252,9,0.136363636363636,1.54545454545455,6,33.0976337689154,31,0.9,46,0.7,0,0,0,0,0,0,"Unambiguous"
"29",2894351,421.219630205362,"C19H28N6O5","N6O5","CHNO",19,28,5,6,0,0,0,0,0,0,0,0,0,0,0,0,0,0,0,0,1,420.212353753202,421.21939450126,0.560916640816337,0.56,421,420.749292603273,0.250707396726852,9,0.263157894736842,1.47368421052632,4,32.3240090807,30,0.9,40,0.7,0,0,0,0,0,0,"Unambiguous"
"30",1598744,417.261091143212,"C21H32N6O3","N6O3","CHNO",21,32,3,6,0,0,0,0,0,0,0,0,0,0,0,0,0,0,0,0,1,416.253814691052,417.26086538426,0.542358878682715,0.54,417,416.795173681204,0.204826318795824,9,0.142857142857143,1.52380952380952,6,32.0195068409308,30,0.9,44,0.7,0,0,0,0,0,0,"Unambiguous"
"31",1242546,411.198822579474,"C17H26N6O6","N6O6","CHNO",17,26,6,6,0,0,0,0,0,0,0,0,0,0,0,0,0,0,0,0,1,410.191546127314,411.19865905976,0.398642332044964,0.4,411,410.739674300703,0.260325699297368,8,0.352941176470588,1.52941176470588,2,31.5531832775077,29,0.9,36,0.7,0,0,0,0,0,0,"Unambiguous"
"32",1626109,403.245404463785,"C20H30N6O3","N6O3","CHNO",20,30,3,6,0,0,0,0,0,0,0,0,0,0,0,0,0,0,0,0,1,402.238128011625,403.24521532046,0.470227240113566,0.47,403,402.795137042733,0.204862957266585,9,0.15,1.5,6,30.9413799129462,29,0.9,42,0.7,0,0,0,0,0,0,"Unambiguous"
"33",3930021,391.245237218951,"C19H30N6O3","N6O3","CHNO",19,30,3,6,0,0,0,0,0,0,0,0,0,0,0,0,0,0,0,0,1,390.237960766791,391.24521532046,0.0561157387793209,0.06,391,390.80836929185,0.19163070814983,8,0.157894736842105,1.57894736842105,5,30.0183029898692,28,0.9,40,0.8,0,0,0,0,0,0,"Unambiguous"
"34",1100708,391.229947229612,"C15H30N6O6","N6O6","CHNO",15,30,6,6,0,0,0,0,0,0,0,0,0,0,0,0,0,0,0,0,1,390.222670777452,391.22995918736,-0.0306433969502502,0.03,391,390.793096375449,0.206903624550819,4,0.4,2,-2,30.0171294411692,27,0.9,32,0.9,0,0,0,0,0,0,"Unambiguous"
"35",2603847,389.250718609555,"C16H32N6O5","N6O5","CHNO",16,32,5,6,0,0,0,0,0,0,0,0,0,0,0,0,0,0,0,0,1,388.243442157395,389.25069462886,0.061767159621678,0.06,389,388.816077779751,0.183922220249201,4,0.3125,2,-1,29.8648783212846,27,0.9,34,0.9,0,0,0,0,0,0,"Unambiguous"
"36",2472774,389.229568624301,"C19H28N6O3","N6O3","CHNO",19,28,3,6,0,0,0,0,0,0,0,0,0,0,0,0,0,0,0,0,1,388.222292172141,389.22956525666,0.00867451659404022,0.01,389,388.794951410759,0.205048589240675,9,0.157894736842105,1.47368421052632,6,29.8632529849615,28,0.9,40,0.7,0,0,0,0,0,0,"Unambiguous"
"37",2631401,387.235060014897,"C16H30N6O5","N6O5","CHNO",16,30,5,6,0,0,0,0,0,0,0,0,0,0,0,0,0,0,0,0,1,386.227783562737,387.23504456506,0.0400018785592291,0.04,387,386.802669887487,0.1973301125131,5,0.3125,1.875,0,29.7098283163769,27,0.9,34,0.9,0,0,0,0,0,0,"Unambiguous"
"38",2362839,381.188134230889,"C16H24N6O5","N6O5","CHNO",16,24,5,6,0,0,0,0,0,0,0,0,0,0,0,0,0,0,0,0,1,380.180857778729,381.18809437366,0.104837547778401,0.1,381,380.76249615483,0.237503845170011,8,0.3125,1.5,3,29.2446783016538,27,0.9,34,0.7,0,0,0,0,0,0,"Unambiguous"
"39",1784702,379.172495636217,"C16H22N6O5","N6O5","CHNO",16,22,5,6,0,0,0,0,0,0,0,0,0,0,0,0,0,0,0,0,1,378.165219184057,379.17244430986,0.135724689874688,0.14,379,378.74910824022,0.250891759780018,9,0.3125,1.375,4,29.0896282967462,27,0.9,34,0.6,0,0,0,0,0,0,"Unambiguous"
"40",4192552,377.22959699083,"C18H28N6O3","N6O3","CHNO",18,28,3,6,0,0,0,0,0,0,0,0,0,0,0,0,0,0,0,0,1,376.22232053867,377.22956525666,0.0843495149473938,0.08,377,376.808379052818,0.191620947182457,8,0.166666666666667,1.55555555555556,5,28.9401760618846,27,0.9,38,0.7,0,0,0,0,0,0,"Unambiguous"
"41",2131240,377.214317001484,"C14H28N6O6","N6O6","CHNO",14,28,6,6,0,0,0,0,0,0,0,0,0,0,0,0,0,0,0,0,1,376.207040549324,377.21430912356,0.0209403940639469,0.02,377,376.793116125244,0.206883874756386,4,0.428571428571429,2,-2,28.9390025131846,26,0.9,30,0.9,0,0,0,0,0,0,"Unambiguous"
"42",2963665,375.213938396172,"C18H26N6O3","N6O3","CHNO",18,26,3,6,0,0,0,0,0,0,0,0,0,0,0,0,0,0,0,0,1,374.206661944012,375.21391519286,0.0620066793032206,0.06,375,374.794971160554,0.2050288394463,9,0.166666666666667,1.44444444444444,6,28.7851260569769,27,0.9,38,0.7,0,0,0,0,0,0,"Unambiguous"
"43",2510886,371.240151166746,"C16H30N6O4","N6O4","CHNO",16,30,4,6,0,0,0,0,0,0,0,0,0,0,0,0,0,0,0,0,1,370.232874714586,371.24012994276,0.0573260450011142,0.06,371,370.825621097448,0.174378902551837,5,0.25,1.875,1,28.4794502685077,26,0.9,34,0.9,0,0,0,0,0,0,"Unambiguous"
"44",4671186,363.213956762709,"C17H26N6O3","N6O3","CHNO",17,26,3,6,0,0,0,0,0,0,0,0,0,0,0,0,0,0,0,0,1,362.206680310549,363.21391519286,0.114768311274199,0.11,363,362.808388813785,0.191611186214971,8,0.176470588235294,1.52941176470588,5,27.8620491339,26,0.9,36,0.7,0,0,0,0,0,0,"Unambiguous"
"45",1675474,363.198676773362,"C13H26N6O6","N6O6","CHNO",13,26,6,6,0,0,0,0,0,0,0,0,0,0,0,0,0,0,0,0,1,362.191400321202,363.19865905976,0.0489067450101816,0.05,363,362.793125886211,0.206874113788956,4,0.461538461538462,2,-2,27.8608755852,25,0.9,28,0.9,0,0,0,0,0,0,"Unambiguous"
"46",2555517,361.198298168051,"C17H24N6O3","N6O3","CHNO",17,24,3,6,0,0,0,0,0,0,0,0,0,0,0,0,0,0,0,0,1,360.191021715891,361.19826512906,0.0917263044520036,0.09,361,360.794980921521,0.20501907847887,9,0.176470588235294,1.41176470588235,6,27.7069991289923,26,0.9,36,0.7,0,0,0,0,0,0,"Unambiguous"
"47",1071574,357.224500938632,"C15H28N6O4","N6O4","CHNO",15,28,4,6,0,0,0,0,0,0,0,0,0,0,0,0,0,0,0,0,1,356.217224486472,357.22447987896,0.0591203084268046,0.06,357,356.825620869589,0.174379130411353,5,0.266666666666667,1.86666666666667,1,27.4013233405231,25,0.9,32,0.9,0,0,0,0,0,0,"Unambiguous"
"48",4670678,351.177525154659,"C15H22N6O4","N6O4","CHNO",15,22,4,6,0,0,0,0,0,0,0,0,0,0,0,0,0,0,0,0,1,350.170248702499,351.17752968756,-0.0129448490644611,0.01,351,350.785397192797,0.214602807202994,8,0.266666666666667,1.46666666666667,4,26.9361733258,25,0.9,32,0.7,0,0,0,0,0,0,"Unambiguous"
"49",1359489,349.183046545234,"C12H24N6O6","N6O6","CHNO",12,24,6,6,0,0,0,0,0,0,0,0,0,0,0,0,0,0,0,0,1,348.175770093074,349.18300899596,0.107845742028122,0.11,349,348.793145636005,0.20685436399458,4,0.5,2,-2,26.7827486572154,24,0.9,26,0.9,0,0,0,0,0,0,"Unambiguous"
"50",2423936,349.161876559994,"C15H20N6O4","N6O4","CHNO",15,20,4,6,0,0,0,0,0,0,0,0,0,0,0,0,0,0,0,0,1,348.154600107834,349.16187962376,-0.00880001512271572,0.01,349,348.77199928936,0.228000710639947,9,0.266666666666667,1.33333333333333,5,26.7811233208923,25,0.9,32,0.6,0,0,0,0,0,0,"Unambiguous"
"51",2231340,347.218936738239,"C17H26N6O2","N6O2","CHNO",17,26,2,6,0,0,0,0,0,0,0,0,0,0,0,0,0,0,0,0,1,346.211660286079,347.21900057056,-0.184373687791915,0.18,347,346.831228971568,0.168771028432388,8,0.117647058823529,1.52941176470588,6,26.6316710860308,25,0.9,36,0.7,0,0,0,0,0,0,"Unambiguous"
"52",1230892,347.203676753765,"C13H26N6O5","N6O5","CHNO",13,26,5,6,0,0,0,0,0,0,0,0,0,0,0,0,0,0,0,0,1,346.196400301605,347.20374443746,-0.19550664021881,0.2,347,346.815986026528,0.184013973471906,4,0.384615384615385,2,-1,26.6304975373308,24,0.9,28,0.9,0,0,0,0,0,0,"Unambiguous"
"53",4015147,347.182526775283,"C16H22N6O3","N6O3","CHNO",16,22,3,6,0,0,0,0,0,0,0,0,0,0,0,0,0,0,0,0,1,346.175250323123,347.18261506526,-0.255044163047122,0.26,347,346.794859664301,0.2051403356989,9,0.1875,1.375,6,26.6288722010077,25,0.9,34,0.6,0,0,0,0,0,0,"Unambiguous"
"54",1631189,345.203328788926,"C17H24N6O2","N6O2","CHNO",17,24,2,6,0,0,0,0,0,0,0,0,0,0,0,0,0,0,0,0,1,344.196052336766,345.20335050676,-0.0630972779630501,0.06,345,344.817871668097,0.182128331903016,9,0.117647058823529,1.41176470588235,7,26.4766210811231,25,0.9,36,0.7,0,0,0,0,0,0,"Unambiguous"
"55",1431507,345.166858826031,"C16H20N6O3","N6O3","CHNO",16,20,3,6,0,0,0,0,0,0,0,0,0,0,0,0,0,0,0,0,1,344.159582373871,345.16696500146,-0.308506387039627,0.31,345,344.781442427888,0.21855757211199,10,0.1875,1.25,7,26.4738221961,25,0.9,34,0.6,0,0,0,0,0,0,"Unambiguous"
"56",1240958,343.208670818298,"C14H26N6O4","N6O4","CHNO",14,26,4,6,0,0,0,0,0,0,0,0,0,0,0,0,0,0,0,0,1,342.201394366138,343.20882981516,-0.464629497804601,0.46,343,342.825440950378,0.174559049621621,5,0.285714285714286,1.85714285714286,1,26.3231964125385,24,0.9,30,0.9,0,0,0,0,0,0,"Unambiguous"
"57",1502502,341.229492831921,"C15H28N6O3","N6O3","CHNO",15,28,3,6,0,0,0,0,0,0,0,0,0,0,0,0,0,0,0,0,1,340.222216379761,341.22956525666,-0.212874809083354,0.21,341,340.848472931822,0.151527068178211,5,0.2,1.86666666666667,2,26.1709452926538,24,0.9,32,0.9,0,0,0,0,0,0,"Unambiguous"
"58",2573093,341.193112868934,"C14H24N6O4","N6O4","CHNO",14,24,4,6,0,0,0,0,0,0,0,0,0,0,0,0,0,0,0,0,1,340.185836416774,341.19317975136,-0.196605558387843,0.2,341,340.812133591027,0.187866408973434,6,0.285714285714286,1.71428571428571,2,26.1681464076308,24,0.9,30,0.8,0,0,0,0,0,0,"Unambiguous"
"59",2064078,339.250234845625,"C16H30N6O2","N6O2","CHNO",16,30,2,6,0,0,0,0,0,0,0,0,0,0,0,0,0,0,0,0,1,338.242958393465,339.25030069816,-0.19469004101437,0.19,339,338.871425002675,0.128574997324847,5,0.125,1.875,3,26.0186941727692,24,0.9,34,0.9,0,0,0,0,0,0,"Unambiguous"
"60",4645580,339.213844882648,"C15H26N6O3","N6O3","CHNO",15,26,3,6,0,0,0,0,0,0,0,0,0,0,0,0,0,0,0,0,1,338.206568430488,339.21391519286,-0.20789132652943,0.21,339,338.835075673056,0.164924326943833,6,0.2,1.73333333333333,3,26.0158952877462,24,0.9,32,0.8,0,0,0,0,0,0,"Unambiguous"
"61",3497675,339.177484919641,"C14H22N6O4","N6O4","CHNO",14,22,4,6,0,0,0,0,0,0,0,0,0,0,0,0,0,0,0,0,1,338.170208467481,339.17752968756,-0.132382801149319,0.13,339,338.798756309908,0.201243690091587,7,0.285714285714286,1.57142857142857,3,26.0130964027231,24,0.9,30,0.7,0,0,0,0,0,0,"Unambiguous"
"62",4659827,337.234556896382,"C16H28N6O2","N6O2","CHNO",16,28,2,6,0,0,0,0,0,0,0,0,0,0,0,0,0,0,0,0,1,336.227280444222,337.23465063436,-0.278793492045512,0.28,337,336.857997777438,0.142002222561757,6,0.125,1.75,4,25.8636441678615,24,0.9,34,0.8,0,0,0,0,0,0,"Unambiguous"
"63",3238512,337.161826970378,"C14H20N6O4","N6O4","CHNO",14,20,4,6,0,0,0,0,0,0,0,0,0,0,0,0,0,0,0,0,1,336.154550518218,337.16187962376,-0.156634446451254,0.16,337,336.785349062319,0.214650937680915,8,0.285714285714286,1.42857142857143,4,25.8580463978154,24,0.9,30,0.7,0,0,0,0,0,0,"Unambiguous"
"64",1527315,335.146209021075,"C14H18N6O4","N6O4","CHNO",14,18,4,6,0,0,0,0,0,0,0,0,0,0,0,0,0,0,0,0,1,334.138932568915,335.14622955996,-0.0614680997086458,0.06,335,334.771981770025,0.228018229975305,9,0.285714285714286,1.28571428571429,5,25.7029963929077,24,0.9,30,0.6,0,0,0,0,0,0,"Unambiguous"
"65",2279865,333.188021013342,"C12H24N6O5","N6O5","CHNO",12,24,5,6,0,0,0,0,0,0,0,0,0,0,0,0,0,0,0,0,1,332.180744561182,333.18809437366,-0.22084458252659,0.22,333,332.815980292515,0.184019707484879,4,0.416666666666667,2,-1,25.5523706093462,23,0.9,26,0.9,0,0,0,0,0,0,"Unambiguous"
"66",3826104,333.16690103483,"C15H20N6O3","N6O3","CHNO",15,20,3,6,0,0,0,0,0,0,0,0,0,0,0,0,0,0,0,0,1,332.15962458267,333.16696500146,-0.192577982482035,0.19,333,332.794883896759,0.205116103240641,9,0.2,1.33333333333333,6,25.5507452730231,24,0.9,32,0.6,0,0,0,0,0,0,"Unambiguous"
"67",2913628,331.208753027056,"C13H26N6O4","N6O4","CHNO",13,26,4,6,0,0,0,0,0,0,0,0,0,0,0,0,0,0,0,0,1,330.201476574896,331.20882981516,-0.232549243985703,0.23,331,330.838922374545,0.161077625455277,4,0.307692307692308,2,0,25.4001194894615,23,0.9,28,0.9,0,0,0,0,0,0,"Unambiguous"
"68",2723163,331.187653048523,"C16H22N6O2","N6O2","CHNO",16,22,2,6,0,0,0,0,0,0,0,0,0,0,0,0,0,0,0,0,1,330.180376596363,331.18770044296,-0.1435410457275,0.14,331,330.817845956436,0.182154043563571,9,0.125,1.375,7,25.3984941531385,24,0.9,34,0.6,0,0,0,0,0,0,"Unambiguous"
"69",1409881,331.151193085618,"C15H18N6O3","N6O3","CHNO",15,18,3,6,0,0,0,0,0,0,0,0,0,0,0,0,0,0,0,0,1,330.143916633458,331.15131493766,-0.369087649147871,0.37,331,330.781426705051,0.218573294948783,10,0.2,1.2,7,25.3956952681154,24,0.9,32,0.6,0,0,0,0,0,0,"Unambiguous"
"70",1849499,327.213837091498,"C14H26N6O3","N6O3","CHNO",14,26,3,6,0,0,0,0,0,0,0,0,0,0,0,0,0,0,0,0,1,326.206560639338,327.21391519286,-0.239423027224054,0.24,327,326.848467197809,0.151532802191241,5,0.214285714285714,1.85714285714286,2,25.0928183646692,23,0.9,30,0.9,0,0,0,0,0,0,"Unambiguous"
"71",2279578,327.177437128531,"C13H22N6O4","N6O4","CHNO",13,22,4,6,0,0,0,0,0,0,0,0,0,0,0,0,0,0,0,0,1,326.170160676371,327.17752968756,-0.283775280432884,0.28,327,326.812107879366,0.187892120633933,6,0.307692307692308,1.69230769230769,2,25.0900194796462,23,0.9,28,0.8,0,0,0,0,0,0,"Unambiguous"
"72",2063418,325.234599105181,"C15H28N6O2","N6O2","CHNO",15,28,2,6,0,0,0,0,0,0,0,0,0,0,0,0,0,0,0,0,1,324.227322653021,325.23465063436,-0.158929167787501,0.16,325,324.87143924631,0.128560753690351,5,0.133333333333333,1.86666666666667,3,24.9405672447846,23,0.9,32,0.9,0,0,0,0,0,0,"Unambiguous"
"73",5664824,325.198199142215,"C14H24N6O3","N6O3","CHNO",14,24,3,6,0,0,0,0,0,0,0,0,0,0,0,0,0,0,0,0,1,324.190922690055,325.19826512906,-0.203543161044345,0.2,325,324.835079927867,0.1649200721331,6,0.214285714285714,1.71428571428571,3,24.9377683597615,23,0.9,30,0.8,0,0,0,0,0,0,"Unambiguous"
"74",3601462,325.161799179248,"C13H20N6O4","N6O4","CHNO",13,20,4,6,0,0,0,0,0,0,0,0,0,0,0,0,0,0,0,0,1,324.154522727088,325.16187962376,-0.2481671737158,0.25,325,324.798720609424,0.201279390575849,7,0.307692307692308,1.53846153846154,3,24.9349694747385,23,0.9,28,0.7,0,0,0,0,0,0,"Unambiguous"
"75",5629909,323.218941155919,"C15H26N6O2","N6O2","CHNO",15,26,2,6,0,0,0,0,0,0,0,0,0,0,0,0,0,0,0,0,1,322.211664703759,323.21900057056,-0.18439630752874,0.18,323,322.85803199872,0.141968001279793,6,0.133333333333333,1.73333333333333,4,24.7855172398769,23,0.9,32,0.8,0,0,0,0,0,0,"Unambiguous"
"76",4175825,323.146181229945,"C13H18N6O4","N6O4","CHNO",13,18,4,6,0,0,0,0,0,0,0,0,0,0,0,0,0,0,0,0,1,322.138904777785,323.14622955996,-0.150028494726727,0.15,323,322.78535331713,0.214646682870239,8,0.307692307692308,1.38461538461538,4,24.7799194698308,23,0.9,28,0.6,0,0,0,0,0,0,"Unambiguous"
"77",1943920,321.239683169623,"C16H28N6O","N6O","CHNO",16,28,1,6,0,0,0,0,0,0,0,0,0,0,0,0,0,0,0,0,1,320.232406717463,321.23973601206,-0.165012772213543,0.17,321,320.880984069574,0.119015930426372,6,0.0625,1.75,5,24.6332661199923,23,0.9,34,0.8,0,0,0,0,0,0,"Unambiguous"
"78",1486698,321.130523280682,"C13H16N6O4","N6O4","CHNO",13,16,4,6,0,0,0,0,0,0,0,0,0,0,0,0,0,0,0,0,1,320.123246828522,321.13057949616,-0.175605733325579,0.18,321,320.77194606954,0.228053930459566,9,0.307692307692308,1.23076923076923,5,24.6248694649231,23,0.9,28,0.6,0,0,0,0,0,0,"Unambiguous"
"79",1944839,319.22404522034,"C16H26N6O","N6O","CHNO",16,26,1,6,0,0,0,0,0,0,0,0,0,0,0,0,0,0,0,0,1,318.21676876818,319.22408594826,-0.127987975691783,0.13,319,318.867596799632,0.13240320036823,7,0.0625,1.625,6,24.4782161150846,23,0.9,34,0.8,0,0,0,0,0,0,"Unambiguous"
"80",3402500,319.172375272909,"C11H22N6O5","N6O5","CHNO",11,22,5,6,0,0,0,0,0,0,0,0,0,0,0,0,0,0,0,0,1,318.165098820749,319.17244430986,-0.21698467602544,0.22,319,318.815984547326,0.184015452674146,4,0.454545454545455,2,-1,24.4742436813615,22,0.9,24,0.9,0,0,0,0,0,0,"Unambiguous"
"81",3529475,319.151255294397,"C14H18N6O3","N6O3","CHNO",14,18,3,6,0,0,0,0,0,0,0,0,0,0,0,0,0,0,0,0,1,318.143978842237,319.15131493766,-0.187472551134119,0.19,319,318.79488815157,0.205111848429908,9,0.214285714285714,1.28571428571429,6,24.4726183450385,23,0.9,30,0.6,0,0,0,0,0,0,"Unambiguous"
"82",3550874,317.17200730809,"C15H20N6O2","N6O2","CHNO",15,20,2,6,0,0,0,0,0,0,0,0,0,0,0,0,0,0,0,0,1,316.16473085593,317.17205037916,-0.136229836250651,0.14,317,316.817850211247,0.182149788752838,9,0.133333333333333,1.33333333333333,7,24.3203672251538,23,0.9,32,0.6,0,0,0,0,0,0,"Unambiguous"
"83",1147545,317.156737323626,"C11H20N6O5","N6O5","CHNO",11,20,5,6,0,0,0,0,0,0,0,0,0,0,0,0,0,0,0,0,1,316.149460871466,317.15679424606,-0.180049124910957,0.18,317,316.802597277384,0.197402722616005,5,0.454545454545455,1.81818181818182,0,24.3191936764538,22,0.9,24,0.8,0,0,0,0,0,0,"Unambiguous"
"84",2375105,313.198231351024,"C13H24N6O3","N6O3","CHNO",13,24,3,6,0,0,0,0,0,0,0,0,0,0,0,0,0,0,0,0,1,312.190954898864,313.19826512906,-0.108196715631903,0.11,313,312.848511407914,0.151488592085514,5,0.230769230769231,1.84615384615385,2,24.0146914366846,22,0.9,28,0.9,0,0,0,0,0,0,"Unambiguous"
"85",1792959,313.161841388047,"C12H20N6O4","N6O4","CHNO",12,20,4,6,0,0,0,0,0,0,0,0,0,0,0,0,0,0,0,0,1,312.154564935887,313.16187962376,-0.122489679893921,0.12,313,312.812162078295,0.187837921704556,6,0.333333333333333,1.66666666666667,2,24.0118925516615,22,0.9,26,0.8,0,0,0,0,0,0,"Unambiguous"
"86",2040146,311.218943364759,"C14H26N6O2","N6O2","CHNO",14,26,2,6,0,0,0,0,0,0,0,0,0,0,0,0,0,0,0,0,1,310.211666912599,311.21900057056,-0.184408929629948,0.18,311,310.871433512297,0.128566487703438,5,0.142857142857143,1.85714285714286,3,23.8624403168,22,0.9,30,0.9,0,0,0,0,0,0,"Unambiguous"
"87",2911566,311.146203438764,"C12H18N6O4","N6O4","CHNO",12,18,4,6,0,0,0,0,0,0,0,0,0,0,0,0,0,0,0,0,1,310.138926986604,311.14622955996,-0.0842241759657084,0.08,311,310.798774808354,0.201225191646358,7,0.333333333333333,1.5,3,23.8568425467538,22,0.9,26,0.7,0,0,0,0,0,0,"Unambiguous"
"88",2046688,309.239695378452,"C15H28N6O","N6O","CHNO",15,28,1,6,0,0,0,0,0,0,0,0,0,0,0,0,0,0,0,0,1,308.232418926292,309.23973601206,-0.131827819302201,0.13,309,308.894395571974,0.105604428026311,5,0.0666666666666667,1.86666666666667,4,23.7101891969154,22,0.9,32,0.9,0,0,0,0,0,0,"Unambiguous"
"89",2362074,309.130555489492,"C12H16N6O4","N6O4","CHNO",12,16,4,6,0,0,0,0,0,0,0,0,0,0,0,0,0,0,0,0,1,308.123279037332,309.13057949616,-0.0779125432285407,0.08,309,308.785377549588,0.214622450411923,8,0.333333333333333,1.33333333333333,4,23.7017925418462,22,0.9,26,0.6,0,0,0,0,0,0,"Unambiguous"
"90",3435626,307.22405742917,"C15H26N6O","N6O","CHNO",15,26,1,6,0,0,0,0,0,0,0,0,0,0,0,0,0,0,0,0,1,306.21678097701,307.22408594826,-0.093133663070519,0.09,307,306.881008302032,0.11899169796817,6,0.0666666666666667,1.73333333333333,5,23.5551391920077,22,0.9,32,0.8,0,0,0,0,0,0,"Unambiguous"
"91",3249137,305.208409479897,"C15H24N6O","N6O","CHNO",15,24,1,6,0,0,0,0,0,0,0,0,0,0,0,0,0,0,0,0,1,304.201133027737,305.20843588446,-0.086799687366793,0.09,305,304.867611043266,0.132388956733735,7,0.0666666666666667,1.6,6,23.4000891871,22,0.9,32,0.8,0,0,0,0,0,0,"Unambiguous"
"92",1955310,305.156749532456,"C10H20N6O5","N6O5","CHNO",10,20,5,6,0,0,0,0,0,0,0,0,0,0,0,0,0,0,0,0,1,304.149473080296,305.15679424606,-0.147011940406703,0.15,305,304.816008779784,0.183991220215944,4,0.5,2,-1,23.3961167533769,21,0.9,22,0.9,0,0,0,0,0,0,"Unambiguous"
"93",2992108,305.135609553964,"C13H16N6O3","N6O3","CHNO",13,16,3,6,0,0,0,0,0,0,0,0,0,0,0,0,0,0,0,0,1,304.128333101804,305.13566487386,-0.181896555821349,0.18,305,304.794892406381,0.205107593619175,9,0.230769230769231,1.23076923076923,6,23.3944914170538,22,0.9,28,0.6,0,0,0,0,0,0,"Unambiguous"
"94",1781109,303.192741530644,"C15H22N6O","N6O","CHNO",15,22,1,6,0,0,0,0,0,0,0,0,0,0,0,0,0,0,0,0,1,302.185465078484,303.19278582066,-0.146565671412652,0.15,303,302.854193806853,0.145806193146825,8,0.0666666666666667,1.46666666666667,7,23.2450391821923,22,0.9,32,0.7,0,0,0,0,0,0,"Unambiguous"
"95",2587507,303.156371567647,"C14H18N6O2","N6O2","CHNO",14,18,2,6,0,0,0,0,0,0,0,0,0,0,0,0,0,0,0,0,1,302.149095115487,303.15640031536,-0.0951441296865671,0.1,303,302.817864454882,0.182135545118342,9,0.142857142857143,1.28571428571429,7,23.2422402971692,22,0.9,30,0.6,0,0,0,0,0,0,"Unambiguous"
"96",1402486,299.182595610581,"C12H22N6O3","N6O3","CHNO",12,22,3,6,0,0,0,0,0,0,0,0,0,0,0,0,0,0,0,0,1,298.175319158421,299.18261506526,-0.0652457728646567,0.07,299,298.848525651549,0.151474348451075,5,0.25,1.83333333333333,2,22.9365645087,21,0.9,26,0.8,0,0,0,0,0,0,"Unambiguous"
"97",2934261,297.203312193379,"C13H24N6O2","N6O2","CHNO",13,24,2,6,0,0,0,0,0,0,0,0,0,0,0,0,0,0,0,0,1,296.196035741219,297.20335050676,-0.12935142966739,0.13,297,296.871452319893,0.128547680106863,5,0.153846153846154,1.84615384615385,3,22.7843133888154,21,0.9,28,0.9,0,0,0,0,0,0,"Unambiguous"
"98",4137458,297.166942228599,"C12H20N6O3","N6O3","CHNO",12,20,3,6,0,0,0,0,0,0,0,0,0,0,0,0,0,0,0,0,1,296.159665776439,297.16696500146,-0.0768938625460692,0.08,297,296.835122966141,0.16487703385917,6,0.25,1.66666666666667,3,22.7815145037923,21,0.9,26,0.8,0,0,0,0,0,0,"Unambiguous"
"99",1117424,297.130552263839,"C11H16N6O4","N6O4","CHNO",11,16,4,6,0,0,0,0,0,0,0,0,0,0,0,0,0,0,0,0,1,296.123275811679,297.13057949616,-0.0919627853764895,0.09,297,296.79877363474,0.201226365260084,7,0.363636363636364,1.45454545454545,3,22.7787156187692,21,0.9,24,0.7,0,0,0,0,0,0,"Unambiguous"
"100",6969707,295.151284180528,"C12H18N6O3","N6O3","CHNO",12,18,3,6,0,0,0,0,0,0,0,0,0,0,0,0,0,0,0,0,1,294.144007728368,295.15131493766,-0.104564876201362,0.1,295,294.821715619853,0.178284380146806,7,0.25,1.5,4,22.6264644988846,21,0.9,26,0.7,0,0,0,0,0,0,"Unambiguous"
"101",4716768,293.135646132438,"C12H16N6O3","N6O3","CHNO",12,16,3,6,0,0,0,0,0,0,0,0,0,0,0,0,0,0,0,0,1,292.128369680278,293.13566487386,-0.0641547490674894,0.06,293,292.808328251214,0.19167174878595,8,0.25,1.33333333333333,5,22.4714144939769,21,0.9,26,0.6,0,0,0,0,0,0,"Unambiguous"
"102",2282583,291.192748013907,"C14H22N6O","N6O","CHNO",14,22,1,6,0,0,0,0,0,0,0,0,0,0,0,0,0,0,0,0,1,290.185471561747,291.19278582066,-0.130284788542082,0.13,291,290.86759959008,0.132400409920308,7,0.0714285714285714,1.57142857142857,6,22.3219622591154,21,0.9,30,0.7,0,0,0,0,0,0,"Unambiguous"
"103",5396565,291.156368049137,"C13H18N6O2","N6O2","CHNO",13,18,2,6,0,0,0,0,0,0,0,0,0,0,0,0,0,0,0,0,1,290.149091596977,291.15640031536,-0.111205666304686,0.11,291,290.831260247503,0.16873975249689,8,0.153846153846154,1.38461538461538,6,22.3191633740923,21,0.9,28,0.6,0,0,0,0,0,0,"Unambiguous"
"104",1182802,291.119978084376,"C12H14N6O3","N6O3","CHNO",12,14,3,6,0,0,0,0,0,0,0,0,0,0,0,0,0,0,0,0,1,290.112701632216,291.12001481006,-0.126591091940016,0.13,291,290.794910916102,0.205089083897747,9,0.25,1.16666666666667,6,22.3163644890692,21,0.9,26,0.5,0,0,0,0,0,0,"Unambiguous"
"105",1063878,289.177139965788,"C14H20N6O","N6O","CHNO",14,20,1,6,0,0,0,0,0,0,0,0,0,0,0,0,0,0,0,0,1,288.169863513628,289.17713575686,0.0146057175568059,0.01,289,288.854242187913,0.145757812086686,8,0.0714285714285714,1.42857142857143,7,22.1669122542077,21,0.9,30,0.7,0,0,0,0,0,0,"Unambiguous"
"106",1655235,289.140700001076,"C13H16N6O2","N6O2","CHNO",13,16,2,6,0,0,0,0,0,0,0,0,0,0,0,0,0,0,0,0,1,288.133423548916,289.14075025156,-0.17440005353342,0.17,289,288.817842912391,0.182157087608687,9,0.153846153846154,1.23076923076923,7,22.1641133691846,21,0.9,28,0.6,0,0,0,0,0,0,"Unambiguous"
"107",1191682,283.187645765912,"C12H22N6O2","N6O2","CHNO",12,22,2,6,0,0,0,0,0,0,0,0,0,0,0,0,0,0,0,0,1,282.180369313752,283.18770044296,-0.193766307603569,0.19,283,282.871435910769,0.128564089231361,5,0.166666666666667,1.83333333333333,3,21.7061864608308,20,0.9,26,0.8,0,0,0,0,0,0,"Unambiguous"
"108",1597439,283.151285801122,"C11H18N6O3","N6O3","CHNO",11,18,3,6,0,0,0,0,0,0,0,0,0,0,0,0,0,0,0,0,1,282.144009348962,283.15131493766,-0.103268320114117,0.1,283,282.83511654584,0.164883454159508,6,0.272727272727273,1.63636363636364,3,21.7033875758077,20,0.9,24,0.8,0,0,0,0,0,0,"Unambiguous"
"109",1482087,281.208417682562,"C13H24N6O","N6O","CHNO",13,24,1,6,0,0,0,0,0,0,0,0,0,0,0,0,0,0,0,0,1,280.201141230402,281.20843588446,-0.064960112105916,0.06,281,280.894417851179,0.105582148821156,5,0.0769230769230769,1.84615384615385,4,21.5539353409462,20,0.9,28,0.9,0,0,0,0,0,0,"Unambiguous"
"110",3376484,281.172027717802,"C12H20N6O2","N6O2","CHNO",12,20,2,6,0,0,0,0,0,0,0,0,0,0,0,0,0,0,0,0,1,280.164751265642,281.17205037916,-0.0808858288341619,0.08,281,280.858068519778,0.141931480222013,6,0.166666666666667,1.66666666666667,4,21.5511364559231,20,0.9,26,0.8,0,0,0,0,0,0,"Unambiguous"
"111",2250593,281.135617753061,"C11H16N6O3","N6O3","CHNO",11,16,3,6,0,0,0,0,0,0,0,0,0,0,0,0,0,0,0,0,1,280.128341300901,281.13566487386,-0.168211467250547,0.17,281,280.821699210729,0.178300789271361,7,0.272727272727273,1.45454545454545,4,21.5483375709,20,0.9,24,0.7,0,0,0,0,0,0,"Unambiguous"
"112",2608837,279.192759634491,"C13H22N6O","N6O","CHNO",13,22,1,6,0,0,0,0,0,0,0,0,0,0,0,0,0,0,0,0,1,278.185483182331,279.19278582066,-0.0941320456830308,0.09,279,278.881010504891,0.118989495108735,6,0.0769230769230769,1.69230769230769,5,21.3988853360385,20,0.9,28,0.8,0,0,0,0,0,0,"Unambiguous"
"113",5168322,279.156369669731,"C12H18N6O2","N6O2","CHNO",12,18,2,6,0,0,0,0,0,0,0,0,0,0,0,0,0,0,0,0,1,278.149093217571,279.15640031536,-0.110176987756178,0.11,279,278.84466117349,0.155338826509649,7,0.166666666666667,1.5,5,21.3960864510154,20,0.9,26,0.7,0,0,0,0,0,0,"Unambiguous"
"114",1583295,279.11997970497,"C11H14N6O3","N6O3","CHNO",11,14,3,6,0,0,0,0,0,0,0,0,0,0,0,0,0,0,0,0,1,278.11270325281,279.12001481006,-0.126226128461377,0.13,279,278.80831184209,0.191688157910448,8,0.272727272727273,1.27272727272727,5,21.3932875659923,20,0.9,24,0.6,0,0,0,0,0,0,"Unambiguous"
"115",3078177,277.177111586411,"C13H20N6O","N6O","CHNO",13,20,1,6,0,0,0,0,0,0,0,0,0,0,0,0,0,0,0,0,1,276.169835134251,277.17713575686,-0.0875202369938064,0.09,277,276.867613147428,0.132386852572097,7,0.0769230769230769,1.53846153846154,6,21.2438353311308,20,0.9,28,0.7,0,0,0,0,0,0,"Unambiguous"
"116",3287070,277.14071162166,"C12H16N6O2","N6O2","CHNO",12,16,2,6,0,0,0,0,0,0,0,0,0,0,0,0,0,0,0,0,1,276.1334351695,277.14075025156,-0.139895772776863,0.14,277,276.831253827203,0.168746172797171,8,0.166666666666667,1.33333333333333,6,21.2410364461077,20,0.9,26,0.6,0,0,0,0,0,0,"Unambiguous"
"117",1449338,275.161493538301,"C13H18N6O","N6O","CHNO",13,18,1,6,0,0,0,0,0,0,0,0,0,0,0,0,0,0,0,0,1,274.154217086141,275.16148569306,0.0286161593377467,0.03,275,274.854245756437,0.145754243562692,8,0.0769230769230769,1.38461538461538,7,21.0887853262231,20,0.9,28,0.6,0,0,0,0,0,0,"Unambiguous"
"118",1094519,275.12508357356,"C12H14N6O2","N6O2","CHNO",12,14,2,6,0,0,0,0,0,0,0,0,0,0,0,0,0,0,0,0,1,274.1178071214,275.12510018776,-0.0606097086784222,0.06,275,274.817876447388,0.182123552611984,9,0.166666666666667,1.16666666666667,7,21.0859864412,20,0.9,26,0.5,0,0,0,0,0,0,"Unambiguous"
"119",1405309,269.172039338386,"C11H20N6O2","N6O2","CHNO",11,20,2,6,0,0,0,0,0,0,0,0,0,0,0,0,0,0,0,0,1,268.164762886226,269.17205037916,-0.0411716058749711,0.04,269,268.87147943459,0.12852056541044,5,0.181818181818182,1.81818181818182,3,20.6280595328462,19,0.9,24,0.8,0,0,0,0,0,0,"Unambiguous"
"120",1869009,267.192771255076,"C12H22N6O","N6O","CHNO",12,22,1,6,0,0,0,0,0,0,0,0,0,0,0,0,0,0,0,0,1,266.185494802916,267.19278582066,-0.0547196774675048,0.05,267,266.894421419703,0.105578580297163,5,0.0833333333333333,1.83333333333333,4,20.4758084129615,19,0.9,26,0.8,0,0,0,0,0,0,"Unambiguous"
"121",3691725,267.156371290325,"C11H18N6O2","N6O2","CHNO",11,18,2,6,0,0,0,0,0,0,0,0,0,0,0,0,0,0,0,0,1,266.149094838165,267.15640031536,-0.109055547897742,0.11,267,266.858062099478,0.141937900522294,6,0.181818181818182,1.63636363636364,4,20.4730095279385,19,0.9,24,0.8,0,0,0,0,0,0,"Unambiguous"
"122",3324959,265.177123206995,"C12H20N6O","N6O","CHNO",12,20,1,6,0,0,0,0,0,0,0,0,0,0,0,0,0,0,0,0,1,264.169846754835,265.17713575686,-0.0475068045932169,0.05,265,264.881024062239,0.118975937760581,6,0.0833333333333333,1.66666666666667,5,20.3207584080538,19,0.9,26,0.8,0,0,0,0,0,0,"Unambiguous"
"123",4349980,265.140753242215,"C11H16N6O2","N6O2","CHNO",11,16,2,6,0,0,0,0,0,0,0,0,0,0,0,0,0,0,0,0,1,264.133476790055,265.14075025156,0.0113225131481984,0.01,265,264.844694708487,0.155305291512946,7,0.181818181818182,1.45454545454545,5,20.3179595230308,19,0.9,24,0.7,0,0,0,0,0,0,"Unambiguous"
"124",3924844,263.161485158904,"C12H18N6O","N6O","CHNO",12,18,1,6,0,0,0,0,0,0,0,0,0,0,0,0,0,0,0,0,1,262.154208706744,263.16148569306,-0.00203756305816062,0,263,262.8676366936,0.132363306399668,7,0.0833333333333333,1.5,6,20.1657084031462,19,0.9,26,0.7,0,0,0,0,0,0,"Unambiguous"
"125",3482473,263.125105194134,"C11H14N6O2","N6O2","CHNO",11,14,2,6,0,0,0,0,0,0,0,0,0,0,0,0,0,0,0,0,1,262.117828741974,263.12510018776,0.019099708075911,0.02,263,262.831297351024,0.16870264897625,8,0.181818181818182,1.27272727272727,6,20.1629095181231,19,0.9,24,0.6,0,0,0,0,0,0,"Unambiguous"
"126",3093176,261.145827110833,"C12H16N6O","N6O","CHNO",12,16,1,6,0,0,0,0,0,0,0,0,0,0,0,0,0,0,0,0,1,260.138550658673,261.14583562926,-0.0327457304241125,0.03,261,260.854229347313,0.145770652687304,8,0.0833333333333333,1.33333333333333,7,20.0106583982385,19,0.9,26,0.6,0,0,0,0,0,0,"Unambiguous"
"127",1476578,253.177144827569,"C11H20N6O","N6O","CHNO",11,20,1,6,0,0,0,0,0,0,0,0,0,0,0,0,0,0,0,0,1,252.169868375409,253.17713575686,0.0359706305964172,0.04,253,252.894444965875,0.105555034124791,5,0.0909090909090909,1.81818181818182,4,19.3976814849769,18,0.9,24,0.8,0,0,0,0,0,0,"Unambiguous"
"128",3468072,251.161506779479,"C11H18N6O","N6O","CHNO",11,18,1,6,0,0,0,0,0,0,0,0,0,0,0,0,0,0,0,0,1,250.154230327319,251.16148569306,0.0842936724007741,0.08,251,250.881057597236,0.118942402763906,6,0.0909090909090909,1.63636363636364,5,19.2426314800692,18,0.9,24,0.8,0,0,0,0,0,0,"Unambiguous"
"129",7758629,251.125106814728,"C10H14N6O2","N6O2","CHNO",10,14,2,6,0,0,0,0,0,0,0,0,0,0,0,0,0,0,0,0,1,250.117830362568,251.12510018776,0.0264953835965853,0.03,251,250.844698277011,0.15530172298898,7,0.2,1.4,5,19.2398325950462,18,0.9,22,0.6,0,0,0,0,0,0,"Unambiguous"
"130",3770990,249.145868731388,"C11H16N6O","N6O","CHNO",11,16,1,6,0,0,0,0,0,0,0,0,0,0,0,0,0,0,0,0,1,248.138592279228,249.14583562926,0.133401773446056,0.13,249,248.867670228597,0.132329771403022,7,0.0909090909090909,1.45454545454545,6,19.0875814751615,18,0.9,24,0.7,0,0,0,0,0,0,"Unambiguous"
"131",3242603,249.109458766647,"C10H12N6O2","N6O2","CHNO",10,12,2,6,0,0,0,0,0,0,0,0,0,0,0,0,0,0,0,0,1,248.102182314487,249.10945012396,0.0348351914543424,0.03,249,248.831300919548,0.168699080452313,8,0.2,1.2,6,19.0847825901385,18,0.9,22,0.5,0,0,0,0,0,0,"Unambiguous"
"132",1049643,443.261424983257,"C21H40O8","O8","CHO",21,40,8,0,0,0,0,0,0,0,0,0,0,0,0,0,1,0,0,0,1,420.272203983257,443.26153933466,-0.271897931103368,0.27,443,442.766475316207,0.233524683792666,2,0.380952380952381,1.9047619047619,-6,34.0195586832692,29,0.9,44,0.9,0,0,0,0,0,0,"Unambiguous"
"133",2992169,413.250852093311,"C20H38O7","O7","CHO",20,38,7,0,0,0,0,0,0,0,0,0,0,0,0,0,1,0,0,0,1,390.261631093311,413.25097464856,-0.313827901735255,0.31,413,412.789412500052,0.210587499947849,2,0.35,1.9,-5,31.7110537074154,27,0.9,42,0.9,0,0,0,0,0,0,"Unambiguous"
"134",2352430,399.235255413862,"C19H36O7","O7","CHO",19,36,7,0,0,0,0,0,0,0,0,0,0,0,0,0,1,0,0,0,1,376.246034413863,399.23532458476,-0.183631536636942,0.18,399,398.789465761065,0.210534238934713,2,0.368421052631579,1.89473684210526,-5,30.6329267794308,26,0.8,40,0.9,0,0,0,0,0,0,"Unambiguous"
"135",3019315,383.240122800217,"C19H36O6","O6","CHO",19,36,6,0,0,0,0,0,0,0,0,0,0,0,0,0,1,0,0,0,1,360.250901800217,383.24040996246,-0.796894558041611,0.8,383,382.81219345539,0.187806544610169,2,0.31578947368421,1.89473684210526,-4,29.4025487315615,25,0.9,40,0.9,0,0,0,0,0,0,"Unambiguous"
"136",4112336,369.224492572089,"C18H34O6","O6","CHO",18,34,6,0,0,0,0,0,0,0,0,0,0,0,0,0,1,0,0,0,1,346.235271572089,369.22475989866,-0.771863334833644,0.77,369,368.812213205184,0.187786794815736,2,0.333333333333333,1.88888888888889,-4,28.3244218035769,24,0.8,38,0.9,0,0,0,0,0,0,"Unambiguous"
"137",1722085,293.20844606194,"C16H30O3","O3","CHO",16,30,3,0,0,0,0,0,0,0,0,0,0,0,0,0,1,0,0,0,1,270.21922506194,293.20871590416,-0.998307801136554,1,293,292.881046891664,0.118953108335745,2,0.1875,1.875,-1,22.477033804,19,0.8,34,0.9,0,0,0,0,0,0,"Unambiguous"
"138",1117332,255.120072946071,"C11H20O5","O5","CHO",11,20,5,0,0,0,0,0,0,0,0,0,0,0,0,0,1,0,0,0,1,232.130851946071,255.12029482976,-0.955510340009068,0.96,255,254.835203593482,0.164796406517695,2,0.454545454545455,1.81818181818182,-3,19.5471552598154,16,0.8,24,0.8,0,0,0,0,0,0,"Unambiguous"
"139",1574024,241.140921757599,"C11H22O4","O4","CHO",11,22,4,0,0,0,0,0,0,0,0,0,0,0,0,0,1,0,0,0,1,218.151700757599,241.14103027126,-0.497055034527481,0.5,241,240.871661650111,0.128338349888594,1,0.363636363636364,2,-3,18.4718272168538,15,0.8,24,0.9,0,0,0,0,0,0,"Unambiguous"
"140",3771089,239.161652481887,"C12H24O3","O3","CHO",12,24,3,0,0,0,0,0,0,0,0,0,0,0,0,0,1,0,0,0,1,216.172431481887,239.16176571276,-0.523427582185676,0.52,239,238.894602444155,0.105397555845343,1,0.25,2,-2,18.3195760969692,15,0.8,26,0.9,0,0,0,0,0,0,"Unambiguous"
"141",5500622,239.1252724952,"C11H20O4","O4","CHO",11,20,4,0,0,0,0,0,0,0,0,0,0,0,0,0,1,0,0,0,1,216.1360514952,239.12538020746,-0.497982634708163,0.5,239,238.858263079686,0.141736920314429,2,0.363636363636364,1.81818181818182,-2,18.3167772119462,15,0.8,24,0.8,0,0,0,0,0,0,"Unambiguous"
"142",2513754,235.093973970401,"C11H16O4","O4","CHO",11,16,4,0,0,0,0,0,0,0,0,0,0,0,0,0,1,0,0,0,1,212.104752970401,235.09408007986,-0.499890725309569,0.5,235,234.831465938834,0.168534061166156,4,0.363636363636364,1.45454545454545,0,18.0066772021308,15,0.8,24,0.7,0,0,0,0,0,0,"Unambiguous"
"143",3272868,233.114704694689,"C12H18O3","O3","CHO",12,18,3,0,0,0,0,0,0,0,0,0,0,0,0,0,1,0,0,0,1,210.125483694689,233.11481552136,-0.527048927384554,0.53,233,232.854406732877,0.145593267122933,4,0.25,1.5,1,17.8544260822462,15,0.8,26,0.7,0,0,0,0,0,0,"Unambiguous"
"144",1890437,227.125286886439,"C10H20O4","O4","CHO",10,20,4,0,0,0,0,0,0,0,0,0,0,0,0,0,1,0,0,0,1,204.136065886439,227.12538020746,-0.456757900455769,0.46,227,226.871676762059,0.128323237941288,1,0.4,2,-3,17.3937002888692,14,0.8,22,0.9,0,0,0,0,0,0,"Unambiguous"
"145",3755476,225.146017610727,"C11H22O3","O3","CHO",11,22,3,0,0,0,0,0,0,0,0,0,0,0,0,0,1,0,0,0,1,202.156796610727,225.14611564896,-0.48456433074414,0.48,225,224.894617556102,0.105382443898094,1,0.272727272727273,2,-2,17.2414491689846,14,0.8,24,0.9,0,0,0,0,0,0,"Unambiguous"
"146",7049505,223.130378348324,"C11H20O3","O3","CHO",11,20,3,0,0,0,0,0,0,0,0,0,0,0,0,0,1,0,0,0,1,200.141157348324,223.13046558516,-0.43547552587246,0.44,223,222.881228974506,0.118771025493686,2,0.272727272727273,1.81818181818182,-1,17.0863991640769,14,0.8,24,0.8,0,0,0,0,0,0,"Unambiguous"
"147",1854067,221.151109072612,"C12H22O2","O2","CHO",12,22,2,0,0,0,0,0,0,0,0,0,0,0,0,0,1,0,0,0,1,198.161888072612,221.15120102666,-0.463629957465811,0.46,221,220.90416976855,0.0958302314504635,2,0.166666666666667,1.83333333333333,0,16.9341480441923,14,0.8,26,0.8,0,0,0,0,0,0,"Unambiguous"
"148",6485104,221.114709085932,"C11H18O3","O3","CHO",11,18,3,0,0,0,0,0,0,0,0,0,0,0,0,0,1,0,0,0,1,198.125488085932,221.11481552136,-0.536807094555561,0.54,221,220.86781042642,0.132189573580035,3,0.272727272727273,1.63636363636364,0,16.9313491591692,14,0.8,24,0.8,0,0,0,0,0,0,"Unambiguous"
"149",1784259,213.10962201529,"C9H18O4","O4","CHO",9,18,4,0,0,0,0,0,0,0,0,0,0,0,0,0,1,0,0,0,1,190.12040101529,213.10973014366,-0.568314126078943,0.57,213,212.871661907515,0.128338092484768,1,0.444444444444444,2,-3,16.3155733608846,13,0.8,20,0.9,0,0,0,0,0,0,"Unambiguous"
"150",2345760,211.130372739571,"C10H20O3","O3","CHO",10,20,3,0,0,0,0,0,0,0,0,0,0,0,0,0,1,0,0,0,1,188.141151739571,211.13046558516,-0.493062405770381,0.49,211,210.894622679219,0.105377320781031,1,0.3,2,-2,16.163322241,13,0.8,22,0.9,0,0,0,0,0,0,"Unambiguous"
"151",3196701,211.093982752888,"C9H16O4","O4","CHO",9,16,4,0,0,0,0,0,0,0,0,0,0,0,0,0,1,0,0,0,1,188.104761752888,211.09408007986,-0.516981662433744,0.52,211,210.85827332592,0.14172667408036,2,0.444444444444444,1.77777777777778,-2,16.1605233559769,13,0.8,20,0.8,0,0,0,0,0,0,"Unambiguous"
"152",1670015,209.151133463848,"C11H22O2","O2","CHO",11,22,2,0,0,0,0,0,0,0,0,0,0,0,0,0,1,0,0,0,1,186.161912463848,209.15120102666,-0.362493869170024,0.36,209,208.917593439753,0.0824065602470796,1,0.181818181818182,2,-1,16.0110711211154,13,0.8,24,0.9,0,0,0,0,0,0,"Unambiguous"
"153",5547132,209.114733477168,"C10H18O3","O3","CHO",10,18,3,0,0,0,0,0,0,0,0,0,0,0,0,0,1,0,0,0,1,186.125512477168,209.11481552136,-0.4403691394681,0.44,209,208.881234097623,0.118765902376651,2,0.3,1.8,-1,16.0082722360923,13,0.8,22,0.8,0,0,0,0,0,0,"Unambiguous"
"154",1043833,209.078353490481,"C9H14O4","O4","CHO",9,14,4,0,0,0,0,0,0,0,0,0,0,0,0,0,1,0,0,0,1,186.089132490481,209.07843001606,-0.410799480726131,0.41,209,208.844894733154,0.155105266845709,3,0.444444444444444,1.55555555555556,-1,16.0054733510692,13,0.8,20,0.7,0,0,0,0,0,0,"Unambiguous"
"155",2310622,207.135474201453,"C11H20O2","O2","CHO",11,20,2,0,0,0,0,0,0,0,0,0,0,0,0,0,1,0,0,0,1,184.146253201453,207.13555096286,-0.416414378090546,0.42,207,206.904184880497,0.095815119503186,2,0.181818181818182,1.81818181818182,0,15.8560211162077,13,0.8,24,0.8,0,0,0,0,0,0,"Unambiguous"
"156",1058624,205.119814939057,"C11H18O2","O2","CHO",11,18,2,0,0,0,0,0,0,0,0,0,0,0,0,0,1,0,0,0,1,182.130593939057,205.11990089906,-0.471528375229354,0.47,205,204.890776321241,0.109223678759292,3,0.181818181818182,1.63636363636364,1,15.7009711113,13,0.8,24,0.8,0,0,0,0,0,0,"Unambiguous"
"157",1381693,205.083454952362,"C10H14O3","O3","CHO",10,14,3,0,0,0,0,0,0,0,0,0,0,0,0,0,1,0,0,0,1,182.094233952362,205.08351539376,-0.331482970286018,0.33,205,204.854456934432,0.145543065567836,4,0.3,1.4,1,15.6981722262769,13,0.8,22,0.6,0,0,0,0,0,0,"Unambiguous"
"158",1339116,197.114825889314,"C9H18O3","O3","CHO",9,18,3,0,0,0,0,0,0,0,0,0,0,0,0,0,1,0,0,0,1,174.125604889314,197.11481552136,0.0600038930290709,0.06,197,196.894725713784,0.105274286215888,1,0.333333333333333,2,-2,15.0851953130154,12,0.8,20,0.9,0,0,0,0,0,0,"Unambiguous"
"159",6240351,195.099175726834,"C9H16O3","O3","CHO",9,16,3,0,0,0,0,0,0,0,0,0,0,0,0,0,1,0,0,0,1,172.109954726834,195.09916545756,0.0601332666186144,0.06,195,194.881326244282,0.118673755717879,2,0.333333333333333,1.77777777777778,-1,14.9301453081077,12,0.8,20,0.8,0,0,0,0,0,0,"Unambiguous"
"160",2416598,193.083525564353,"C9H14O3","O3","CHO",9,14,3,0,0,0,0,0,0,0,0,0,0,0,0,0,1,0,0,0,1,170.094304564353,193.08351539376,0.0602657060777146,0.06,193,192.86792677478,0.132073225219898,3,0.333333333333333,1.55555555555556,0,14.7750953032,12,0.8,20,0.7,0,0,0,0,0,0,"Unambiguous"
"161",1323118,183.09916475952,"C8H16O3","O3","CHO",8,16,3,0,0,0,0,0,0,0,0,0,0,0,0,0,1,0,0,0,1,160.10994375952,183.09916545756,-0.0038584755392179,0,183,182.894714596417,0.105285403582712,1,0.375,2,-2,14.0070683850308,11,0.8,18,0.9,0,0,0,0,0,0,"Unambiguous"
"162",1240704,181.083534597041,"C8H14O3","O3","CHO",8,14,3,0,0,0,0,0,0,0,0,0,0,0,0,0,1,0,0,0,1,158.094313597041,181.08351539376,0.121974917545709,0.12,181,180.881335104585,0.118664895415321,2,0.375,1.75,-1,13.8520183801231,11,0.8,18,0.8,0,0,0,0,0,0,"Unambiguous"
"163",28666304,795.543982454683,"C37H74N6O12","N6O12","CHNO",37,74,12,6,0,0,0,0,0,0,0,0,0,0,0,0,0,0,0,0,1,794.536706002523,795.54374832476,0.294674772395409,0.29,795,794.655670936814,0.344329063185683,4,0.324324324324324,2,-8,61.1181901440462,55,0.9,76,1,796.547362533454,10898600,797.551132612256,1836436,0,0,"Unambiguous"
"164",60694120,737.502137898071,"C34H68N6O11","N6O11","CHNO",34,68,11,6,0,0,0,0,0,0,0,0,0,0,0,0,0,0,0,0,1,736.494861445911,737.50188351106,0.345402289583041,0.35,737,736.678636422356,0.321363577643638,4,0.323529411764706,2,-7,56.6534313122231,51,0.9,70,1,738.50548797684,23912548,739.509188055636,3877475,0,0,"Unambiguous"
"165",96649232,679.460274307288,"C31H62N6O10","N6O10","CHNO",31,62,10,6,0,0,0,0,0,0,0,0,0,0,0,0,0,0,0,0,1,678.452997855128,679.46001869736,0.376754069623242,0.38,679,678.70158289498,0.298417105019666,4,0.32258064516129,2,-6,52.1886724804,47,0.9,64,1,680.463654343183,35160420,681.467324379089,5595838,0,0,"Unambiguous"
"166",123928272,621.418448700379,"C28H56N6O9","N6O9","CHNO",28,56,9,6,0,0,0,0,0,0,0,0,0,0,0,0,0,0,0,0,1,620.411172248219,621.41815388366,0.47519569671641,0.48,621,620.724567309066,0.275432690934167,4,0.321428571428571,2,-5,47.7239136485769,43,0.9,58,1,622.421838827455,39485376,623.425358954547,5583027,0,0,"Unambiguous"
"167",97407264,563.376447235247,"C25H50N6O8","N6O8","CHNO",25,50,8,6,0,0,0,0,0,0,0,0,0,0,0,0,0,0,0,0,1,562.369170783087,563.37628906996,0.281248147564647,0.28,563,562.747376061293,0.252623938706733,4,0.32,2,-4,43.2591548167538,39,0.9,52,1,564.379837123462,27873740,565.383167011682,3889782,0,0,"Unambiguous"
"168",32256104,505.334709045707,"C22H44N6O7","N6O7","CHNO",22,44,7,6,0,0,0,0,0,0,0,0,0,0,0,0,0,0,0,0,1,504.327432593547,505.33442425626,0.564691564510639,0.56,505,504.770447795136,0.229552204864092,4,0.318181818181818,2,-3,38.7943959849308,35,0.9,46,1,506.338089023956,7983331,507.341449002206,1007966,0,0,"Unambiguous"
"169",3648550,579.350355455623,"C28H46N6O7","N6O7","CHNO",28,46,7,6,0,0,0,0,0,0,0,0,0,0,0,0,0,0,0,0,1,578.343079003463,579.35007432006,0.486105174305759,0.49,579,578.703447673046,0.296552326954156,9,0.25,1.64285714285714,2,44.4879075283,41,0.9,58,0.8,580.353875343823,1067232,0,0,0,0,"Unambiguous"
"170",3068881,561.360857459801,"C25H48N6O8","N6O8","CHNO",25,48,8,6,0,0,0,0,0,0,0,0,0,0,0,0,0,0,0,0,1,560.353581007641,561.36063900616,0.389849637856744,0.39,561,560.734036911396,0.265963088603939,5,0.32,1.92,-3,43.1041048118462,39,0.9,52,0.9,562.364187348021,1013880,0,0,0,0,"Unambiguous"
"171",5200236,447.292774028157,"C19H38N6O6","N6O6","CHNO",19,38,6,6,0,0,0,0,0,0,0,0,0,0,0,0,0,0,0,0,1,446.285497575997,447.29255944256,0.480825834842773,0.48,447,446.793322920749,0.206677079250937,4,0.31578947368421,2,-2,34.3296371531077,31,0.9,40,0.9,448.296053790462,1160638,0,0,0,0,"Unambiguous"
"172",7309937,337.198206933365,"C15H24N6O3","N6O3","CHNO",15,24,3,6,0,0,0,0,0,0,0,0,0,0,0,0,0,0,0,0,1,336.190930481205,337.19826512906,-0.173103108421997,0.17,337,336.821688403114,0.178311596885692,7,0.2,1.6,4,25.8608452828385,24,0.9,32,0.8,338.201555912554,1613983,0,0,0,0,"Unambiguous"
"173",6734359,335.218938947079,"C16H26N6O2","N6O2","CHNO",16,26,2,6,0,0,0,0,0,0,0,0,0,0,0,0,0,0,0,0,1,334.211662494919,335.21900057056,-0.184384591490128,0.18,335,334.844630485144,0.155369514856034,7,0.125,1.625,5,25.7085941629538,24,0.9,34,0.8,336.222307926248,1283653,0,0,0,0,"Unambiguous"
"174",7795221,335.182538984113,"C15H22N6O3","N6O3","CHNO",15,22,3,6,0,0,0,0,0,0,0,0,0,0,0,0,0,0,0,0,1,334.175262531953,335.18261506526,-0.227668400258222,0.23,335,334.808271166701,0.191728833298782,8,0.2,1.46666666666667,5,25.7057952779308,24,0.9,32,0.7,336.185917963271,1349187,0,0,0,0,"Unambiguous"
"175",5061049,333.203290997806,"C16H24N6O2","N6O2","CHNO",16,24,2,6,0,0,0,0,0,0,0,0,0,0,0,0,0,0,0,0,1,332.196014545646,333.20335050676,-0.179138072249234,0.18,333,332.831233226378,0.168766773621712,8,0.125,1.5,6,25.5535441580462,24,0.9,34,0.7,334.206649976985,1069032,0,0,0,0,"Unambiguous"
"176",8241107,323.182541192952,"C14H22N6O3","N6O3","CHNO",14,22,3,6,0,0,0,0,0,0,0,0,0,0,0,0,0,0,0,0,1,322.175264740792,323.18261506526,-0.229292300831386,0.23,323,322.821672680278,0.178327319722484,7,0.214285714285714,1.57142857142857,4,24.7827183548538,23,0.9,30,0.7,324.185930172101,1366021,0,0,0,0,"Unambiguous"
"177",7815022,321.203303206636,"C15H24N6O2","N6O2","CHNO",15,24,2,6,0,0,0,0,0,0,0,0,0,0,0,0,0,0,0,0,1,320.196026754476,321.20335050676,-0.14772239547834,0.15,321,320.844644728778,0.155355271221651,7,0.133333333333333,1.6,5,24.6304672349692,23,0.9,32,0.8,322.206662185815,1180065,0,0,0,0,"Unambiguous"
"178",7079788,321.166923243649,"C14H20N6O3","N6O3","CHNO",14,20,3,6,0,0,0,0,0,0,0,0,0,0,0,0,0,0,0,0,1,320.159646791489,321.16696500146,-0.130428089308107,0.13,321,320.808305387983,0.191694612016818,8,0.214285714285714,1.42857142857143,5,24.6276683499462,23,0.9,30,0.7,322.170222222889,1176991,0,0,0,0,"Unambiguous"
"179",6737669,319.187645257373,"C15H22N6O2","N6O2","CHNO",15,22,2,6,0,0,0,0,0,0,0,0,0,0,0,0,0,0,0,0,1,318.180368805213,319.18770044296,-0.173441205185611,0.17,319,318.831237481189,0.168762518810979,8,0.133333333333333,1.46666666666667,6,24.4754172300615,23,0.9,32,0.7,320.190984236573,1402681,0,0,0,0,"Unambiguous"
"180",6702416,311.182583401751,"C13H22N6O3","N6O3","CHNO",13,22,3,6,0,0,0,0,0,0,0,0,0,0,0,0,0,0,0,0,1,310.175306949591,311.18261506526,-0.102082622120938,0.1,311,310.835114149149,0.164885850851135,6,0.230769230769231,1.69230769230769,3,23.8596414317769,22,0.9,28,0.8,312.18594238093,1309320,0,0,0,0,"Unambiguous"
"181",6685918,309.203305415476,"C14H24N6O2","N6O2","CHNO",14,24,2,6,0,0,0,0,0,0,0,0,0,0,0,0,0,0,0,0,1,308.196028963316,309.20335050676,-0.146307155502635,0.15,309,308.858046242355,0.141953757645297,6,0.142857142857143,1.71428571428571,4,23.7073903118923,22,0.9,30,0.8,310.206644394675,1313048,0,0,0,0,"Unambiguous"
"182",10755292,309.166925452489,"C13H20N6O3","N6O3","CHNO",13,20,3,6,0,0,0,0,0,0,0,0,0,0,0,0,0,0,0,0,1,308.159649000329,309.16696500146,-0.128339227506669,0.13,309,308.82170690156,0.17829309844052,7,0.230769230769231,1.53846153846154,4,23.7045914268692,22,0.9,28,0.7,310.170274431678,1698582,0,0,0,0,"Unambiguous"
"183",8692839,307.187677466183,"C14H22N6O2","N6O2","CHNO",14,22,2,6,0,0,0,0,0,0,0,0,0,0,0,0,0,0,0,0,1,306.180401014023,307.18770044296,-0.0750432664524271,0.08,307,306.844668961237,0.155331038763336,7,0.142857142857143,1.57142857142857,5,23.5523403069846,22,0.9,30,0.7,308.191036445362,1252515,0,0,0,0,"Unambiguous"
"184",7777381,307.151277503216,"C13H18N6O3","N6O3","CHNO",13,18,3,6,0,0,0,0,0,0,0,0,0,0,0,0,0,0,0,0,1,306.144001051056,307.15131493766,-0.122277241603445,0.12,307,306.808309642794,0.191690357206141,8,0.230769230769231,1.38461538461538,5,23.5495414219615,22,0.9,28,0.6,308.154646482385,1195425,0,0,0,0,"Unambiguous"
"185",7357423,305.17201951692,"C14H20N6O2","N6O2","CHNO",14,20,2,6,0,0,0,0,0,0,0,0,0,0,0,0,0,0,0,0,1,304.16474306476,305.17205037916,-0.101465540347782,0.1,305,304.831261713647,0.168738286352777,8,0.142857142857143,1.42857142857143,6,23.3972903020769,22,0.9,30,0.7,306.17535849612,1233451,0,0,0,0,"Unambiguous"
"186",8309101,295.187664145299,"C13H22N6O2","N6O2","CHNO",13,22,2,6,0,0,0,0,0,0,0,0,0,0,0,0,0,0,0,0,1,294.180387693139,295.18770044296,-0.123385728667328,0.12,295,294.85805496243,0.141945037570224,6,0.153846153846154,1.69230769230769,4,22.6292633839077,21,0.9,28,0.8,296.191013173672,1318577,0,0,0,0,"Unambiguous"
"187",9779426,293.172036097198,"C13H20N6O2","N6O2","CHNO",13,20,2,6,0,0,0,0,0,0,0,0,0,0,0,0,0,0,0,0,1,292.164759645038,293.17205037916,-0.0488832453412094,0.05,293,292.844677582615,0.155322417385094,7,0.153846153846154,1.53846153846154,5,22.474213379,21,0.9,28,0.7,294.175375125582,1620776,0,0,0,0,"Unambiguous"
"188",6656991,253.140764862799,"C10H16N6O2","N6O2","CHNO",10,16,2,6,0,0,0,0,0,0,0,0,0,0,0,0,0,0,0,0,1,252.133488410639,253.14075025156,0.057950409589177,0.06,253,252.858105623299,0.141894376701401,6,0.2,1.6,4,19.3948825999538,18,0.9,22,0.7,254.144083891202,1041723,0,0,0,0,"Unambiguous"
"189",9274903,237.146003219488,"C12H22O3","O3","CHO",12,22,3,0,0,0,0,0,0,0,0,0,0,0,0,0,1,0,0,0,1,214.156782219488,237.14611564896,-0.524611974498752,0.52,237,236.881203873729,0.118796126271235,2,0.25,1.83333333333333,-1,18.1645260920615,15,0.8,26,0.8,238.149382852314,1271667,0,0,0,0,"Unambiguous"
"190",8390163,237.109613232804,"C11H18O4","O4","CHO",11,18,4,0,0,0,0,0,0,0,0,0,0,0,0,0,1,0,0,0,1,214.120392232804,237.10973014366,-0.545630403044599,0.55,237,236.844854520429,0.155145479570535,3,0.363636363636364,1.63636363636364,-1,18.1617272070385,15,0.8,24,0.8,238.112952865645,1170288,0,0,0,0,"Unambiguous"
