"","abundance","exp_mass","formula","R_mass","recal_err"
"1",291474,166.99518,"C5H4O5",166.995251098942,0.938827472113737
"2",416244,177.08859,"C9H14O2",177.088665396257,0.364929172566911
"3",494547,191.1042,"C10H16O2",191.104281363465,0.159746341801946
"4",2416598,193.08351,"C9H14O3",193.083592206165,0.397819590429122
"5",356645,203.10425,"C11H16O2",203.10433647254,0.421641986393143
"6",1058624,205.11989,"C11H18O2",205.119977330707,0.372619366217035
"7",681179,207.09877,"C10H16O3",207.098858173224,1.48375458138312
"8",2768347,207.09916,"C10H16O3",207.09924817339,0.399402046448164
"9",1043833,209.07843,"C9H14O4",209.078519016073,0.425677644012086
"10",359979,208.10248,"C10H16O3",208.102568600558,0.231342697560516
"11",359979,208.10248,"C10H16O3",208.102568600558,0.231342697560516
"12",421462,217.11988,"C12H18O2",217.119897501912,0.0156464163241638
"13",2292672,219.09915,"C11H16O3",219.09916766146,0.0100589132498591
"14",1125315,219.13553,"C12H20O2",219.135547664392,0.0150521809205248
"15",6485104,221.11479,"C11H18O3",221.114807823939,0.0348118730979755
"16",2426653,223.09406,"C10H16O4",223.094077983487,0.00939681159212923
"17",354765,225.07331,"C9H14O5",225.073328143033,0.0732886732124484
"18",630657,227.08896,"C9H16O5",227.088978305514,0.0722036153775058
"19",482231,229.10464,"C9H18O5",229.104658467996,0.0598068906039136
"20",3272868,233.11479,"C12H18O3",233.114808791252,0.0288703556377389
"21",476839,233.15119,"C13H22O2",233.151208794187,0.0333154043641577
"22",2513754,235.09406,"C11H16O4",235.0940789508,0.00480258698118646
"23",9686365,235.13045,"C12H20O3",235.130468953734,0.0143264020023405
"24",8390163,237.1097,"C11H18O4",237.10971911328,0.0465201497978528
"25",620362,239.08898,"C10H16O5",239.088999272828,0.0191170173751603
"26",647941,241.1046,"C10H18O5",241.104619435306,0.105060827528503
"27",309184,243.12027,"C10H20O5",243.120289597788,0.0215200935950699
"28",390716,245.15119,"C14H22O2",245.1512097615,0.035630418179051
"29",2039219,247.13044,"C13H20O3",247.130459921046,0.022919529453956
"30",536247,247.16685,"C14H24O2",247.166869923981,0.0761976007563547
"31",3242603,249.1097,"C12H18O4",249.109720080593,0.0403961214921056
"32",3770990,249.14611,"C13H22O3",249.146130083528,0.0579361552812275
"33",515105,251.08897,"C11H16O5",251.088990240141,0.0177706677159684
"34",7758629,251.12535,"C12H20O4",251.125370243073,0.0396789305525435
"35",1671131,253.10464,"C11H18O5",253.104660402623,0.0617794390134314
"36",449868,257.13591,"C11H22O5",257.135930727581,0.0550913979018559
"37",3093176,261.14608,"C14H22O3",261.146101050839,0.0559002040067696
"38",3482473,263.12536,"C13H20O4",263.125381210388,0.00381159562199077
"39",3924844,263.16174,"C14H24O3",263.16176121332,0.0170976201586353
"40",721689,265.10465,"C12H18O5",265.104671369937,0.100352738390191
"41",4349980,265.14101,"C13H22O4",265.141031372868,0.00415479998935819
"42",975815,222.11818,"C11H18O3",222.118197904822,0.123283303361723
"43",444544,234.11814,"C12H18O3",234.118158872132,0.0497578983381176
"44",288118,236.09734,"C11H16O4",236.097359031674,0.322105091570104
"45",1279929,236.1338,"C12H20O3",236.133819034613,0.00656639083291499
"46",1170288,238.11304,"C11H18O4",238.113059194158,0.108979737404769
"47",348583,240.09164,"C10H16O5",240.091659353652,2.87534570981204
"48",583111,250.11312,"C12H18O4",250.113140161478,0.219971770749167
"49",468171,250.14942,"C13H22O3",250.149440164404,0.121865361540408
"50",973441,252.1287,"C12H20O4",252.128720323953,0.0590313793799291
"51",397970,262.1495,"C14H22O3",262.149521131724,0.192572443169291
"52",456642,264.12871,"C13H20O4",264.128731291267,0.0148268341536977
"53",462661,264.1651,"C14H24O3",264.1651212942,0.00220104894688044
"54",734580,266.14437,"C13H22O4",266.144391453748,0.0232298277291405
"55",2175178,267.12028,"C12H20O5",267.120182250825,0.42145407002864
"56",1787258,269.13591,"C12H22O5",269.135811513231,0.495587198399939
"57",485159,271.15162,"C12H24O5",271.151520775608,0.273580362506885
"58",1449338,275.16176,"C15H24O3",275.16165930815,0.386698383470872
"59",328219,277.10464,"C13H18O5",277.104538597178,0.383136058852652
"60",3287070,277.14098,"C14H22O4",277.14087858388,0.547329204687047
"61",3078177,277.17738,"C15H26O3",277.17727857056,0.49501146897162
"62",1583295,279.12025,"C13H20O5",279.120147859592,0.526547765807742
"63",5168322,279.15664,"C14H24O4",279.156537846276,0.510425843729038
"64",2250593,281.13589,"C13H22O5",281.135787121995,0.561193143880749
"65",1597439,283.15156,"C13H24O5",283.151456384387,0.489394993042151
"66",611227,285.16721,"C13H26O5",285.167105646786,0.488746081743747
"67",1063878,289.17742,"C16H26O3",289.177314179302,0.351331923034247
"68",1182802,291.12026,"C14H20O5",291.120153468346,0.485577326584992
"69",5396565,291.15665,"C15H24O4",291.156543455029,0.470124988301699
"70",2282583,291.19303,"C16H28O3",291.192923441716,0.489017975973681
"71",4716768,293.13593,"C14H22O5",293.135822730737,0.416744601726003
"72",9779426,293.17232,"C15H26O4",293.172212717421,0.401407045636624
"73",666856,295.11514,"C13H20O6",295.115032006471,0.601275647442506
"74",6969707,295.15157,"C14H24O5",295.15146199314,0.450494667687977
"75",1117424,297.13084,"C13H22O6",297.130731268852,0.431617933941261
"76",4137458,297.16723,"C14H26O5",297.167121255536,0.416484744431312
"77",933236,299.14651,"C13H24O6",299.146400531244,0.364531800741471
"78",1402486,299.1829,"C14H28O5",299.182790517928,0.349508724880913
"79",781042,301.10468,"C15H18O5",301.104569814677,0.248921043904276
"80",586613,301.16216,"C13H26O6",301.162049793643,0.364753050972687
"81",5149545,302.99919,"C10H6O11",302.999079121406,2.61266343417043
"82",518763,303.0355,"C11H10O10",303.035389108119,2.36314198653684
"83",700272,303.12024,"C15H20O5",303.12012907711,0.546821354764447
"84",1781109,303.19305,"C17H28O3",303.192939050466,0.418182037816875
"85",1470437,305.01403,"C10H8O11",305.013918384102,0.0628448594185479
"86",9063397,305.01484,"C10H8O11",305.014728383806,2.59277052038645
"87",2992108,305.13592,"C15H22O5",305.135808339498,0.44751876797499
"88",7357423,305.17233,"C16H26O4",305.172218326174,0.367243929700943
"89",3249137,305.20872,"C17H30O3",305.208608312858,0.352517135477303
"90",839011,307.11523,"C14H20O6",307.115117615195,0.299030663086005
"91",7777381,307.15159,"C15H24O5",307.15147760189,0.382076707608919
"92",8692839,307.18799,"C16H28O4",307.18787758857,0.334889698824917
"93",2362074,309.13087,"C14H22O6",309.130756877598,0.33202205036612
"94",10755292,309.16724,"C15H26O5",309.167126864289,0.382177843360377
"95",2911566,311.14652,"C14H24O6",311.146406139997,0.332446803756074
"96",6702416,311.1829,"C15H28O5",311.182786126685,0.350142238114376
"97",299194,313.07692,"C10H16O11",313.076805433593,0.854825259773956
"98",1792959,313.16216,"C14H26O6",313.1620454024,0.364798415869195
"99",2375105,313.19855,"C15H30O5",313.198435389084,0.35044759258874
"100",3115557,314.9992,"C11H6O11",314.99908473016,2.530938519857
"101",897318,315.03553,"C12H10O10",315.035414716865,2.3544160962003
"102",364907,315.12042,"C16H20O5",315.120304685801,0.0312770736269155
"103",976686,315.17778,"C14H28O6",315.17766466481,0.460192453570471
"104",434082,268.12359,"C12H20O5",268.123491883676,0.589079269118659
"105",317774,276.16512,"C15H24O3",276.165018940984,0.36851784983791
"106",615664,278.14437,"C14H22O4",278.144268216703,0.4208409853437
"107",545907,278.1807,"C15H26O3",278.180598203408,0.620363338220092
"108",349776,280.12365,"C13H20O5",280.123547492411,0.36532919958913
"109",899091,280.15999,"C14H24O4",280.159887479113,0.527755312222681
"110",452016,282.13925,"C13H22O5",282.139146754829,0.542777030075757
"111",358605,284.15499,"C13H24O5",284.154886017195,0.22501865595002
"112",327759,290.1808,"C16H26O3",290.180693812129,0.265229261037929
"113",980380,292.16005,"C15H24O4",292.159943087848,0.315742062113078
"114",655141,294.13927,"C14H22O5",294.139162363578,0.467567515676728
"115",1620776,294.17566,"C15H26O4",294.175552350262,0.452275986005238
"116",978862,296.15496,"C14H24O5",296.154851625963,0.332026856637256
"117",671028,298.17061,"C14H26O5",298.170500888362,0.332470062127489
"118",525111,300.18617,"C14H28O5",300.186060150794,0.632721071310069
"119",558887,304.00259,"C10H6O11",304.002478754225,2.75085804914678
"120",952098,306.01818,"C10H8O11",306.018068016646,2.53405283049002
"121",952098,306.01818,"C10H8O11",306.018068016646,2.53405283049002
"122",438697,306.13934,"C15H22O5",306.13922797231,0.234929819733531
"123",1233451,306.17567,"C16H26O4",306.175557959015,0.416231108598763
"124",647341,306.21202,"C17H30O3",306.211907945713,0.532175124059389
"125",1195425,308.15496,"C15H24O5",308.15484723472,0.333347364067183
"126",1252515,308.19135,"C16H28O4",308.191237221403,0.31876709513417
"127",309396,310.13408,"C14H22O6",310.133966510487,0.799671115922103
"128",1698582,310.17059,"C15H26O5",310.170476497126,0.398245461560125
"129",299398,312.14989,"C14H24O6",312.149775772827,0.284500628654011
"130",1309320,312.18626,"C15H28O5",312.186145759518,0.334176927429524
"131",431031,314.16551,"C14H26O6",314.165395035237,0.38071722370598
"132",348153,314.202,"C15H30O5",314.201885021884,0.048143806723922
"133",323419,316.00263,"C11H6O11",316.002514362967,2.75908093562634
"134",363877,316.18125,"C14H28O6",316.181134297604,0.096177950125938
"135",4015762,317.01483,"C11H8O11",317.014523008541,1.84678277902207
"136",1524884,317.05123,"C12H12O10",317.050922973291,1.89217700717117
"137",982424,317.13595,"C16H22O5",317.13564289125,0.952280291103113
"138",925852,317.20868,"C18H30O3",317.20837282082,1.0815697146342
"139",1670395,318.99407,"C10H6O12",318.99376109188,1.7523280008593
"140",5676797,319.03048,"C11H10O11",319.030171056621,1.82879640002864
"141",566785,319.11517,"C15H20O6",319.114860974609,1.09201141362919
"142",3529475,319.15158,"C16H24O5",319.15127093935,1.01524797260787
"143",6737669,319.18797,"C17H28O4",319.187660904111,1.00116097323629
"144",1944839,319.22437,"C18H32O3",319.224060868862,0.955751285783817
"145",3636068,321.00975,"C10H8O12",321.009439139932,1.82850088978457
"146",1363814,321.04612,"C11H12O11",321.045809104712,1.77988764402685
"147",1486698,321.13085,"C15H22O6",321.130539022661,0.998014328695554
"148",7079788,321.16725,"C16H26O5",321.166938987412,0.952879700674044
"149",7815022,321.20363,"C17H30O4",321.203318952182,0.970021034734441
"150",897995,323.02541,"C10H10O12",323.025097188003,1.84180840427182
"151",605901,323.06178,"C11H14O11",323.061467152783,1.79349696877641
"152",4175825,323.14651,"C15H24O6",323.146197070732,0.967081242885487
"153",8241107,323.18287,"C16H28O5",323.182557035521,1.04600040294195
"154",3601462,325.16213,"C15H26O6",325.161815118842,1.05954708450723
"155",5664824,325.19853,"C16H30O5",325.198215083593,1.01496507990293
"156",2279578,327.17777,"C15H28O6",327.177453166932,1.08974483360994
"157",1849499,327.21417,"C16H32O5",327.213853131683,1.04543409750352
"158",2347251,329.01482,"C12H8O11",329.014501387966,1.71371252603741
"159",657652,329.05123,"C13H12O10",329.050911352707,1.78785646447674
"160",950779,329.19348,"C15H30O6",329.193161214955,0.90693206746164
"161",746065,330.99417,"C11H6O12",330.993849471199,1.95581067827239
"162",4404563,331.0305,"C12H10O11",331.030179436018,1.78781468457409
"163",599381,331.06688,"C13H14O10",331.066559400788,1.77088277166065
"164",1409881,331.15153,"C17H24O5",331.151209318814,1.16453778678213
"165",505052,331.22431,"C19H32O3",331.223989248336,1.13735480535632
"166",2839984,333.00975,"C11H8O12",333.009427519348,1.72771499581406
"167",4030898,333.04615,"C12H12O11",333.045827484099,1.77094211791633
"168",572854,333.13079,"C16H22O6",333.130467402135,1.17705614504525
"169",3826104,333.16724,"C17H26O5",333.166917366837,0.983452988548629
"170",5061049,333.20363,"C18H30O4",333.203307331598,0.96996200708324
"171",497339,333.24003,"C19H34O3",333.239707296349,0.926465599864711
"172",3549710,335.02539,"C11H10O12",335.025065567438,1.68145516054145
"173",1829391,335.06182,"C12H14O11",335.06149553216,1.81396313996712
"174",1527315,335.14655,"C16H24O6",335.146225450109,0.84777714504145
"175",7795221,335.18288,"C17H28O5",335.182555414928,1.01338713068169
"176",6734359,335.21928,"C18H32O4",335.218955379679,0.970142829642782
"177",1128042,337.04107,"C11H12O12",337.04074361549,1.75442874044829
"178",3238512,337.16217,"C16H26O6",337.161843498219,0.937665251235257
"179",7309937,337.19855,"C17H30O5",337.198223462989,0.953995132834443
"180",714181,339.05669,"C11H14O12",339.0563616636,1.64957283078613
"181",400201,339.14149,"C15H24O7",339.141161581481,0.774368627174314
"182",3497675,339.17783,"C16H28O6",339.17750154629,0.908552862966872
"183",4645580,339.21419,"C17H32O5",339.21386151108,0.98374857284397
"184",2573093,341.19346,"C16H30O6",341.19312959439,0.967711016789241
"185",1502502,341.22984,"C17H34O5",341.22950955916,0.98384477285878
"186",2767734,343.03051,"C13H10O11",343.030177815424,1.72054827104696
"187",1240958,343.20902,"C16H32O6",343.208687642558,1.23013139752906
"188",2165708,345.00973,"C12H8O12",345.009395898783,1.57597064382205
"189",7588814,345.04615,"C13H12O11",345.045815863514,1.67567377042333
"190",1431507,345.16721,"C18H26O5",345.166875746282,1.06984333899696
"191",6282276,347.0254,"C12H10O12",347.025063946844,1.61864099132968
"192",5862438,347.06178,"C13H14O11",347.061443911615,1.60250715139043
"193",860201,347.14658,"C17H24O6",347.146243829496,0.765527398163984
"194",4015147,347.18288,"C18H28O5",347.182543794344,1.01183157756102
"195",2231340,347.21929,"C19H32O4",347.218953759085,0.941281759310174
"196",593273,349.00464,"C11H8O13",349.004302030184,1.53360214055924
"197",3872891,349.04105,"C12H12O12",349.040711994925,1.60351856765076
"198",2087036,349.07745,"C13H16O11",349.077111959676,1.64477343454905
"199",2423936,349.16212,"C17H26O6",349.161781877683,1.08192072491716
"200",7249026,349.19855,"C18H30O5",349.198211842405,0.954489529496504
"201",3076227,349.2349,"C19H34O4",349.234561807204,1.05615682572684
"202",475087,351.02038,"C11H10O13",351.020040078177,1.77544912776034
"203",818385,351.0567,"C12H14O12",351.056360043006,1.58856980020569
"204",444370,351.09289,"C13H18O11",351.09255000796,1.03145644556704
"205",4670678,351.17777,"C17H28O6",351.177429925764,1.08145072275013
"206",7744728,351.21421,"C18H32O5",351.213869890476,0.926278289353959
"207",805162,353.1571,"C16H26O7",353.156758009016,0.895512979200931
"208",5356844,353.19346,"C17H30O6",353.193117973806,0.967733814297503
"209",5201198,353.22982,"C18H34O5",353.229477938596,1.03993977106615
"210",472570,355.03047,"C14H10O11",355.030126194878,1.51699587088687
"211",1117568,355.17274,"C16H28O7",355.172396057107,0.924261438775833
"212",3356033,355.20911,"C17H32O6",355.208766021887,0.967917104985427
"213",1366403,355.24547,"C18H36O5",355.245125986676,1.03971334883936
"214",683213,357.00976,"C13H8O12",357.00941427817,1.57447975383208
"215",1731023,357.04611,"C14H12O11",357.045764242969,1.47477869296558
"216",1071574,357.22475,"C17H34O6",357.224404069977,0.996091880402556
"217",4027938,359.02538,"C13H10O12",359.02503232628,1.47646613588239
"218",3050020,359.0618,"C14H14O11",359.061452291011,1.57228751539943
"219",797221,359.09819,"C15H18O10",359.097842255772,1.58454673418242
"220",1078057,359.18292,"C19H28O5",359.182572173721,0.899016194093653
"221",7482999,361.04106,"C13H12O12",361.040710374331,1.54573325900941
"222",2465400,361.07746,"C14H16O11",361.077110339082,1.58562288651839
"223",1028220,361.16217,"C18H26O6",361.16182025705,0.939706445950952
"224",2555517,361.19855,"C19H30O5",361.198200221821,0.9549510757497
"225",1684607,361.23495,"C20H34O4",361.234600186572,0.914827056488593
"226",1667274,363.0203,"C12H10O13",363.019948457671,1.46437514407973
"227",4767436,363.0567,"C13H14O12",363.056348422422,1.50405545961462
"228",637901,363.09309,"C14H18O11",363.092738387182,1.51618663443959
"229",2848465,363.17783,"C18H28O6",363.177478305122,0.912506572771487
"230",4671186,363.21421,"C19H32O5",363.213858269892,0.927669327269171
"231",2255572,363.25059,"C20H36O4",363.250238234662,0.942829044326083
"232",861471,365.03592,"C12H12O13",365.035566505781,1.36858336624341
"233",1017632,365.07239,"C13H16O12",365.072036470464,1.59979724494662
"234",5642022,365.19345,"C18H30O6",365.193096353231,0.995137833896339
"235",4677415,365.22985,"C19H34O5",365.229496317982,0.955448691123688
"236",677681,320.03383,"C11H10O11",320.033520084995,1.80440341714111
"237",679736,320.15487,"C16H24O5",320.154559967782,1.21812759020572
"238",1402681,320.19131,"C17H28O4",320.190999932494,1.04790520058717
"239",485655,322.01308,"C10H8O12",322.012768168325,1.7421493739284
"240",408158,322.13431,"C15H22O6",322.133998050928,0.671971253060731
"241",1176991,322.17055,"C16H26O5",322.170238015834,1.12364482039246
"242",1180065,322.20699,"C17H30O4",322.206677980546,0.954497970646403
"243",611844,324.14991,"C15H24O6",324.149596099057,0.828260727458381
"244",1366021,324.18626,"C16H28O5",324.185946063857,0.937797649288165
"245",585064,326.16558,"C15H26O6",326.165264147119,0.76800375871481
"246",765034,326.20191,"C16H30O5",326.201594111937,0.938182218951775
"247",625538,332.03385,"C12H10O11",332.033528464392,1.76442712887185
"248",560993,334.0494,"C12H12O11",334.049076512569,1.44838900648925
"249",710886,334.17062,"C17H26O5",334.170296395182,0.908595723052745
"250",1069032,334.20699,"C18H30O4",334.206666359962,0.954996489503717
"251",1349187,336.18626,"C17H28O5",336.185934443273,0.938889342947798
"252",1283653,336.22265,"C18H32O4",336.222324408033,0.925524322103853
"253",1613983,338.2019,"C17H30O5",338.201572491363,0.968821868852264
"254",543735,340.18111,"C16H28O6",340.180780574732,1.12919987416736
"255",720121,340.2175,"C17H32O5",340.217170539492,1.11597143509435
"256",415057,342.19681,"C16H30O6",342.196478622764,0.982324444435642
"257",415010,344.03382,"C13H10O11",344.033486843837,1.58190483860714
"258",869626,346.04951,"C13H12O11",346.049174891879,1.68245625306987
"259",689487,348.02881,"C12H10O12",348.02847297516,1.76921584682617
"260",983889,348.06511,"C13H14O11",348.064772940008,1.52327037013152
"261",760918,348.18622,"C18H28O5",348.185882822727,1.05478672059955
"262",450775,348.22264,"C19H32O4",348.222302787459,0.955718461027172
"263",584358,350.04427,"C12H12O12",350.043931023425,1.21048057183691
"264",436263,350.08083,"C13H16O11",350.080490988021,1.70869613809101
"265",521899,350.1654,"C17H26O6",350.165060906125,1.29577961356678
"266",1471660,350.20192,"C18H30O5",350.201580870759,0.911696939505802
"267",759726,350.23826,"C19H34O4",350.237920835569,1.04162938904226
"268",764929,352.18115,"C17H28O6",352.180808954109,1.01014246904446
"269",1685250,352.21755,"C18H32O5",352.21720891886,0.968985503773045
"270",700246,354.19682,"C17H30O6",354.19647700217,0.953619218890237
"271",907352,354.23321,"C18H34O5",354.232866966931,0.940932213597275
"272",443307,356.21246,"C17H32O6",356.212115050261,0.981954967518345
"273",400813,356.24877,"C18H36O5",356.248425015099,1.19389876196198
"274",574030,360.06509,"C14H14O11",360.064741319443,1.38468451980335
"275",910497,362.04446,"C13H12O12",362.044109402657,1.66306005931169
"276",426147,362.08078,"C14H16O11",362.080429367485,1.48188186026349
"277",408998,362.16587,"C18H26O6",362.165519285085,0.0128163099266551
"278",504488,362.20201,"C19H30O5",362.201659250088,0.665094997584906
"279",524022,364.06004,"C13H14O12",364.059687450805,1.45603931277671
"280",523003,364.18111,"C18H28O6",364.180757333563,1.1186017734619
"281",892156,364.21757,"C19H32O5",364.217217298256,0.914053437693158
"282",648958,364.254,"C20H36O4",364.253647262978,0.79190601319462
"283",1188688,366.19678,"C18H30O6",366.196425381625,1.06333375814163
"284",950865,366.23316,"C19H34O5",366.232805346395,1.07835653543604
"285",1404281,367.17275,"C17H28O7",367.17237643754,0.947488734536546
"286",6330235,367.20912,"C18H32O6",367.208746400537,0.98972033412151
"287",3190652,367.24554,"C19H36O5",367.245166363483,0.895794994827914
"288",850889,369.0462,"C15H12O11",369.045824531487,1.5901877804991
"289",2212815,369.1884,"C17H30O7",369.188024386813,0.948043252361593
"290",4112336,369.22475,"C18H34O6",369.22437434983,1.04421174235419
"291",1126354,369.26117,"C19H38O5",369.260794312776,0.950793734852873
"292",1417245,371.02537,"C14H10O12",371.024992517875,1.32141977700836
"293",2608158,371.06178,"C15H14O11",371.061402480831,1.38720298576432
"294",2510886,371.24041,"C18H36O6",371.240032299093,1.01730134200173
"295",4876403,373.04105,"C14H12O12",373.040670467117,1.38903159338579
"296",2958453,373.07744,"C15H16O11",373.077060430094,1.40084454799482
"297",1106042,373.19853,"C20H30O5",373.198150306897,1.05799411190777
"298",6598858,375.05669,"C14H14O12",375.0563084164,1.34926599427193
"299",2921676,375.09309,"C15H18O11",375.092708379367,1.38767941184517
"300",1195215,375.17781,"C19H28O6",375.177428293172,1.01662219296309
"301",2963665,375.2142,"C20H32O5",375.213818256149,1.0046432564541
"302",1402578,375.25056,"C21H36O4",375.250178219156,1.07261314005914
"303",3361056,377.03598,"C13H12O13",377.035596402666,1.40431978884567
"304",3319074,377.07239,"C14H16O12",377.072006365622,1.46904640583967
"305",1116451,377.10869,"C15H20O11",377.10830632869,1.24206707779544
"306",3374375,377.19343,"C19H30O6",377.193046242476,1.09633020874532
"307",4192552,377.22986,"C20H34O5",377.229476205412,0.978371550096865
"308",1554730,377.26624,"C21H38O4",377.265856168398,0.992967912288134
"309",1836408,379.0516,"C13H14O13",379.051214351969,1.31212865867606
"310",868474,379.08802,"C14H18O12",379.087634314915,1.40289910028453
"311",4847999,379.2091,"C19H32O6",379.208714191728,1.04333762516066
"312",4462977,379.24549,"C20H36O5",379.245104154705,1.03148345880892
"313",681680,381.0309,"C12H12O14",381.030512338224,1.3930427782198
"314",2362839,381.1884,"C18H30O7",381.188012177983,0.950226714889151
"315",5429721,381.22476,"C19H34O6",381.22437214099,1.01713663524979
"316",2731482,381.26114,"C20H38O5",381.260752103977,1.03157635476838
"317",496939,383.06177,"C16H14O11",383.061380272012,1.2857693588087
"318",2938417,383.20403,"C18H32O7",383.203640127276,1.002938015114
"319",3019315,383.24039,"C19H36O6",383.240000090284,1.06949101859995
"320",858164,383.27673,"C20H40O5",383.276340053311,1.18821294235544
"321",1628804,385.04111,"C15H12O12",385.040718258227,1.46986142414381
"322",1602182,385.07747,"C16H16O11",385.077078221234,1.40339210730878
"323",449163,385.18315,"C17H30O8",385.182758113715,1.37830991213683
"324",1095822,385.25617,"C19H38O6",385.255778039424,0.731946529229024
"325",3845857,387.05673,"C15H14O12",387.05633620753,1.37923567241874
"326",3071714,387.09311,"C16H18O11",387.092716170517,1.36478821675962
"327",467686,387.17783,"C20H28O6",387.177436084322,0.96499057603116
"328",1264360,387.21426,"C21H32O5",387.213866047258,0.850085832612646
"329",4721470,389.07237,"C15H16O12",389.071974156813,1.34095331194918
"330",2662208,389.10876,"C16H20O11",389.10836411979,1.35228406674952
"331",1227588,389.19354,"C20H30O6",389.193144033534,0.81126113000941
"332",2472774,389.22984,"C21H34O5",389.229443996602,1.03095834617564
"333",539207,389.26638,"C22H38O4",389.265983959427,0.634070499690006
"334",2895772,391.05162,"C14H14O13",391.051222143119,1.29178757895952
"335",2504605,391.08804,"C15H18O12",391.087642106065,1.37977474002754
"336",1152415,391.12449,"C16H22O11",391.124092068981,1.54444757046852
"337",3484579,391.20912,"C20H32O6",391.208721982878,0.991418584709028
"338",3930021,391.24551,"C21H36O5",391.245111945855,0.979932829236027
"339",521127,391.28169,"C22H40O4",391.281291909045,1.50514614582491
"340",443258,393.03106,"C13H12O14",393.030660129232,1.72654022259719
"341",1200636,393.06736,"C14H16O13",393.0669600923,1.50875243919292
"342",5620740,393.2248,"C20H34O6",393.22439993212,0.915421856548698
"343",4051974,393.26115,"C21H38O5",393.260749895138,1.00571548186982
"344",437468,395.04653,"C13H14O14",395.046128078688,1.25673514143123
"345",2808932,395.20401,"C19H32O7",395.203607918467,1.05398393516129
"346",5311590,395.24044,"C20H36O6",395.240037881403,0.941404389550986
"347",2463848,395.27685,"C21H40O5",395.27644784436,0.879442973707678
"348",960198,397.18331,"C18H30O8",397.182905904722,0.964569628540379
"349",3040456,397.2197,"C19H34O7",397.219295867699,0.953259078356064
"350",2546890,397.25604,"C20H38O6",397.255635830727,1.06781387619512
"351",935883,397.29243,"C21H42O5",397.292025793703,1.05649594195991
"352",1599268,399.05673,"C16H14O12",399.0563239987,1.30716640927747
"353",966956,399.19888,"C18H32O8",399.198473854076,1.16539734440717
"354",4062604,401.07238,"C16H16O12",401.071971947973,1.29532483518862
"355",1304462,401.10876,"C17H20O11",401.10835191096,1.28138981918975
"356",621714,401.19356,"C21H30O6",401.193151824684,0.76757576268874
"357",750228,401.22988,"C22H34O5",401.229471787732,0.930859536669981
"358",5465589,403.08801,"C16H18O12",403.087599897266,1.23398467248956
"359",1102327,403.12436,"C17H22O11",403.123949860284,1.14570606105033
"360",1745403,403.2091,"C21H32O6",403.208689774069,1.0417939004056
"361",1626109,403.2455,"C22H36O5",403.245089737035,1.00584663505981
"362",593663,403.28184,"C23H40O4",403.281429700063,1.11868501531737
"363",3607134,405.0673,"C15H16O13",405.066887883532,1.28579194396227
"364",3091040,405.10366,"C16H20O12",405.103247846539,1.22262506401718
"365",3979879,405.22475,"C21H34O6",405.224337723342,1.04183001695683
"366",2597481,405.26116,"C22H38O5",405.260747686298,0.981386117480678
"367",514762,407.04653,"C14H14O14",407.046115869858,1.18969191792595
"368",1091276,407.08291,"C15H18O13",407.082495832845,1.17597084846825
"369",742862,407.11938,"C16H22O12",407.11896579574,1.38331791601507
"370",6307540,407.24039,"C21H36O6",407.239975672624,1.06642127086303
"371",2315990,407.27687,"C22H40O5",407.27645563551,0.834401208676069
"372",614714,409.0774,"C18H16O11",409.076983803646,1.0902502217009
"373",4691778,409.21963,"C20H34O7",409.219213658941,1.12619712067119
"374",5674820,409.25608,"C21H38O6",409.255663621856,0.968597516968148
"375",1468230,409.29243,"C22H42O5",409.292013584874,1.05534976457776
"376",655530,411.05675,"C17H14O12",411.05633178985,1.28796014392556
"377",1242546,411.19892,"C19H32O8",411.198501645206,1.06380199987771
"378",4509620,411.23533,"C20H36O7",411.234911608163,1.00423424892921
"379",2500534,411.27176,"C21H40O6",411.271341571099,0.896047436064445
"380",520888,411.3081,"C22H44O5",411.307681534126,1.00669361515704
"381",1322014,413.07239,"C17H16O12",413.071969739133,1.25234743352853
"382",656160,413.10881,"C18H20O11",413.10838970208,1.33564790791196
"383",1341479,413.21457,"C19H34O8",413.214149594479,1.06373006314777
"384",636971,413.28743,"C21H42O6",413.287009520351,0.848401240308241
"385",3117205,415.08799,"C17H18O12",415.087567688457,1.1207153730978
"386",997015,415.12444,"C18H22O11",415.124017651373,1.27589049506949
"387",438940,415.20915,"C22H32O6",415.208727565188,0.920667833370656
"388",806302,415.24548,"C23H36O5",415.245057528226,1.05434481221392
"389",1348517,368.21249,"C18H32O6",368.212115379706,0.949058457694917
"390",657319,368.24885,"C19H36O5",368.248475342713,1.01832618438219
"391",570619,370.22812,"C18H34O6",370.227743328999,1.00362356612974
"392",735390,374.04437,"C14H12O12",374.043989446337,1.28900453444299
"393",559648,374.08087,"C15H16O11",374.080489409202,1.59485006613208
"394",921589,376.06002,"C14H14O12",376.05963739561,1.27647270454539
"395",423927,376.09651,"C15H18O11",376.096127358485,1.55409133609528
"396",554492,376.21761,"C20H32O5",376.217227235277,0.858485423153973
"397",609101,378.07565,"C14H16O12",378.075265344903,1.21117496790119
"398",621395,378.19682,"C19H30O6",378.196435221624,1.0035765006734
"399",764500,378.23313,"C20H34O5",378.232745184682,1.20320394244515
"400",1103275,380.21246,"C19H32O6",380.212073170907,1.03011865527944
"401",1158317,380.2488,"C20H36O5",380.248413133935,1.14978973625105
"402",555652,382.1916,"C18H30O7",382.191211157325,1.35595826662531
"403",1103365,382.22811,"C19H34O6",382.22772112018,1.0302185132645
"404",710663,382.26448,"C20H38O5",382.264091083177,1.07077895743158
"405",692830,384.20735,"C18H32O7",384.206959106496,1.09407233271067
"406",639840,384.24381,"C19H36O6",384.243419069402,0.900191727099625
"407",761359,388.06,"C15H14O12",388.0596051868,1.15400044543607
"408",709137,388.09656,"C16H18O11",388.096165149604,1.60341430274942
"409",594285,390.07571,"C15H16O12",390.075313136012,1.29643299831267
"410",685685,390.23319,"C21H34O5",390.232792975792,1.04373633021259
"411",492365,392.09125,"C15H18O12",392.090851085397,1.00382814551043
"412",812501,392.24887,"C21H36O5",392.248470925034,0.96728167795552
"413",1158196,394.22815,"C20H34O6",394.22774891131,0.928364408002276
"414",862774,394.26452,"C21H38O5",394.264118874307,0.967699737261927
"415",438037,396.20731,"C19H32O7",396.206906897707,1.19270734787266
"416",1006487,396.24374,"C20H36O6",396.243336860643,1.0804001339381
"417",627706,398.22307,"C19H34O7",398.222664846868,0.915753396732039
"418",686332,398.25943,"C20H38O6",398.259024809875,0.979804544529112
"419",784064,402.07582,"C16H16O12",402.075410927071,1.50095678612399
"420",916778,404.09138,"C16H18O12",404.090968876435,1.26551485087079
"421",574256,404.21258,"C21H32O6",404.212168753126,0.732490360727103
"422",535730,404.24909,"C22H36O5",404.24867871598,0.424550816478658
"423",622484,406.07062,"C15H16O13",406.070206862751,1.19390898898121
"424",549270,406.10688,"C16H20O12",406.10646682586,0.884665592555175
"425",725405,406.22807,"C21H34O6",406.227656702561,1.1279280824899
"426",545183,406.26441,"C22H38O5",406.263996665589,1.23992711790793
"427",1483020,408.2438,"C21H36O6",408.243384651753,0.931577503365194
"428",530446,408.28004,"C22H40O5",408.279624614882,1.28797071670212
"429",862586,410.22314,"C20H34O7",410.222722637967,0.748088163382443
"430",1443709,410.25942,"C21H38O6",410.259002601056,1.00527907221187
"431",463743,410.29608,"C22H42O5",410.295662563758,0.336264231380443
"432",1117678,412.23867,"C20H36O7",412.238250587362,1.0406529496646
"433",725232,412.27509,"C21H40O6",412.274670550308,0.956981843373566
"434",524241,416.09139,"C17H18O12",416.090966667595,1.22370899433853
"435",2799887,417.10367,"C17H20O12",417.103379190333,1.50234581089194
"436",1035537,417.14008,"C18H24O11",417.139789164948,1.56087460551703
"437",1465110,417.22476,"C22H34O6",417.224469105908,0.696969068751272
"438",1598744,417.26119,"C23H38O5",417.260899080508,0.590334025834013
"439",412890,417.29766,"C24H42O4",417.297369055081,0.387862776851505
"440",3692937,419.08291,"C16H18O13",419.082617810383,1.43335695346747
"441",1444747,419.11932,"C17H22O12",419.119027784998,1.49161533789966
"442",383501,419.15575,"C18H26O11",419.155457759598,1.59757864466949
"443",3120530,419.24043,"C22H36O6",419.240137700558,0.649417124607662
"444",2071957,419.27679,"C23H40O5",419.276497675208,0.71025288168157
"445",1100805,421.06223,"C15H16O14",421.061936430378,1.55501264586494
"446",1548295,421.09859,"C16H20O13",421.098296405027,1.4942494724704
"447",331018,421.13507,"C17H24O12",421.134776379593,1.71844149896269
"448",4084241,421.25602,"C22H38O6",421.255726295265,0.792228354046261
"449",2074132,421.2925,"C23H42O5",421.292206269831,0.567923141819797
"450",329606,423.07775,"C15H18O14",423.077455025133,1.23685914725541
"451",4444817,423.23531,"C21H36O7",423.23501491528,0.731672102128731
"452",3703443,423.27173,"C22H40O6",423.271434889888,0.650173790620081
"453",1180821,423.30814,"C23H44O5",423.307844864502,0.592312928260007
"454",325257,425.07219,"C18H16O12",425.071893634586,1.03795355602076
"455",1692434,425.21457,"C20H34O8",425.214273535317,0.74223216124243
"456",4338453,425.25097,"C21H38O7",425.250673509938,0.708143284492768
"457",1776919,425.28741,"C22H42O6",425.287113484532,0.580006253221765
"458",486938,425.32368,"C23H46O5",425.323383459244,0.851586397169356
"459",1197456,427.08801,"C18H18O12",427.087712229132,1.42765999789961
"460",392594,427.12436,"C19H22O11",427.124062203788,1.34435249827466
"461",335896,427.20888,"C23H32O6",427.20858214486,1.23520306106566
"462",1267097,427.23021,"C20H36O8",427.229912129988,0.765575658576995
"463",324314,427.24547,"C24H36O5",427.245172119349,0.756522455274928
"464",554654,427.30311,"C22H44O6",427.302812079161,0.463695536443958
"465",1837593,429.10364,"C18H20O12",429.10334082381,1.37092117652303
"466",485659,429.13966,"C19H24O11",429.139360798697,0.519028951546018
"467",426145,429.22497,"C23H34O6",429.224670739218,0.207722039022578
"468",525604,429.26107,"C24H38O5",429.260770714048,0.872871713690482
"469",2130085,431.11936,"C18H22O12",431.119059418426,1.5234721188975
"470",531880,431.15573,"C19H26O11",431.155429393069,1.48732247997838
"471",1444014,431.24044,"C23H36O6",431.240139334008,0.627558192213558
"472",1011376,431.27682,"C24H40O5",431.276519308643,0.640329179668192
"473",2439473,433.09858,"C17H20O13",433.098278038491,1.41044036215973
"474",1321268,433.13496,"C18H24O12",433.134658013126,1.39755293348994
"475",3007805,433.25609,"C23H38O6",433.255787928673,0.628029501528849
"476",1279295,433.29246,"C24H42O5",433.292157903315,0.663820123963333
"477",1143744,435.078,"C16H18O14",435.077696658415,1.75812551610351
"478",920003,435.11424,"C17H22O13",435.113936633148,1.4235125969649
"479",344517,435.15059,"C18H26O12",435.150286607805,1.34174202795717
"480",3746254,435.27173,"C23H40O6",435.271426523344,0.651470585267661
"481",1765841,435.3081,"C24H44O5",435.307796497987,0.68709352351063
"482",337234,437.05713,"C15H16O15",437.056825278542,1.4391318266438
"483",4644448,437.25098,"C22H38O7",437.250675143388,0.684973138444305
"484",3740259,437.28734,"C23H42O6",437.287035118037,0.743300293384578
"485",889445,437.32375,"C24H46O5",437.323445092651,0.687286047165386
"486",366122,439.08836,"C19H18O12",439.088053862344,2.16669626352386
"487",2532084,439.23027,"C21H36O8",439.229963763403,0.627105405063298
"488",3817207,439.2666,"C22H40O7",439.266293738073,0.753470143688516
"489",1860346,439.30297,"C23H44O6",439.302663712716,0.788760687565614
"490",339325,439.33963,"C24H48O5",439.339323687156,0.163963907816234
"491",1174403,441.10366,"C19H20O12",441.103352457253,1.35999943204975
"492",460427,441.20946,"C20H34O9",441.209152383488,0.796406398867387
"493",2021262,441.24589,"C21H38O8",441.245582358088,0.69555950317835
"494",453012,441.31872,"C23H46O6",441.318412307311,0.56189364227898
"495",1873951,443.11935,"C19H22O12",443.11904105189,1.440766905789
"496",470056,443.22518,"C20H36O9",443.224870978104,0.638166073354745
"497",702249,443.24058,"C24H36O6",443.240270967367,0.313588495156135
"498",570156,443.27671,"C25H40O5",443.276400942177,0.890020834660501
"499",2109631,445.1349,"C19H24O12",445.134589646624,1.20629114094667
"500",1514184,445.25601,"C24H38O6",445.255699562185,0.80956579243644
"501",866251,445.29247,"C25H42O5",445.292159536765,0.642262850635276
"502",2021725,447.11416,"C18H22O13",447.11384826666,1.1876693894083
"503",1294176,447.1506,"C19H26O12",447.150288241254,1.30938719293245
"504",2936170,447.27173,"C24H40O6",447.271418156801,0.652697795653953
"505",805229,447.30813,"C25H44O5",447.307818131422,0.620297151775499
"506",807423,449.09359,"C17H20O14",449.093276886578,1.5477526158657
"507",726018,449.12993,"C18H24O13",449.129616861242,1.44625180930855
"508",395397,449.16643,"C19H28O12",449.166116835793,1.70098345417383
"509",3977743,449.28737,"C24H42O6",449.287056751473,0.675296957794658
"510",982546,449.32371,"C25H46O5",449.323396726136,0.77657374547981
"511",4721332,451.26667,"C23H40O7",451.266355371481,0.596855305442666
"512",3185334,451.30307,"C24H44O6",451.302755346102,0.564745973108641
"513",815289,451.33933,"C25H48O5",451.339015320821,0.842829458483481
"514",2387803,453.24586,"C22H38O8",453.245543991566,0.761792444825553
"515",3599198,453.2823,"C23H42O7",453.28198396616,0.641564906912758
"516",1362785,453.31862,"C24H46O6",453.318303940837,0.78607093506659
"517",447204,453.35527,"C25H50O5",453.354953915284,0.202647961677787
"518",347131,455.11934,"C20H22O12",455.119022685353,1.36242303040346
"519",714244,455.22535,"C21H36O9",455.225032611442,0.266281239359588
"520",1802760,455.26158,"C22H40O8",455.261262586182,0.607888991906189
"521",479566,455.33417,"C24H48O6",455.333852535571,1.00543639778755
"522",725419,457.13507,"C20H24O12",457.134751279962,1.52820512522114
"523",365620,457.24069,"C21H38O9",457.240371206323,0.946299703854132
"524",578229,457.25592,"C25H38O6",457.255601195704,1.00344335688471
"525",825693,459.15068,"C20H26O12",459.150359874655,1.43117917938874
"526",1035624,459.2718,"C25H40O6",459.271479790209,0.501445759587894
"527",508779,459.30822,"C26H44O5",459.307899764816,0.426359878713665
"528",1802255,461.12984,"C19H24O13",461.129518494761,1.19529923275781
"529",546962,461.16645,"C20H28O12",461.166128469236,1.68194828840303
"530",2103837,461.28732,"C25H42O6",461.286998384964,0.784259286923862
"531",761121,461.3237,"C26H46O5",461.323378359599,0.796186114770149
"532",894148,463.10922,"C18H22O14",463.108897114713,1.43648613350794
"533",573639,463.14556,"C19H26O13",463.145237089377,1.33806567857223
"534",2658006,463.30302,"C25H44O6",463.302696979594,0.676097628156645
"535",633561,463.33947,"C26H48O5",463.33914695418,0.536904010126677
"536",375295,465.1248,"C18H24O14",465.124475709427,1.27660498625195
"537",4008845,465.28226,"C24H42O7",465.281935599644,0.728969347046478
"538",1821073,465.31863,"C25H46O6",465.318305574286,0.762288736678526
"539",532556,418.10697,"C17H20O12",418.10667849082,1.36552193316389
"540",545875,418.228,"C22H34O6",418.227708406437,0.971939018026258
"541",398038,418.26455,"C23H38O5",418.264258380954,0.578636260383425
"542",677831,420.08624,"C16H18O13",420.08594711085,1.36875651408487
"543",808145,420.24366,"C22H36O6",420.243367001094,0.946977441941578
"544",574931,420.28024,"C23H40O5",420.27994697559,0.484182203956471
"545",703825,422.2593,"C22H38O6",422.259005595766,0.96961838925668
"546",467028,422.29577,"C23H42O5",422.295475570339,0.769510898999366
"547",1047762,424.23872,"C21H36O7",424.238424215691,0.601946690417025
"548",1065684,424.27512,"C22H40O6",424.274824190312,0.567791434114222
"549",333717,426.21816,"C20H34O8",426.217862835602,0.190765451089134
"550",1010520,426.25441,"C21H38O7",426.254112810328,0.508706228202921
"551",437978,426.29062,"C22H42O6",426.290322785082,0.92042534452668
"552",473181,428.23369,"C20H36O8",428.23339143035,0.473518922144128
"553",396766,430.10682,"C18H20O12",430.106520124381,0.95922056006311
"554",437236,432.24388,"C23H36O6",432.243578634398,0.43107171809434
"555",320503,432.28039,"C24H40O5",432.280088608942,0.143098908311499
"556",515577,434.10186,"C17H20O13",434.101557338992,1.23279813755587
"557",649605,434.25949,"C23H38O6",434.25918722909,0.524564723171071
"558",435719,434.29587,"C24H42O5",434.295567203726,0.537255562011929
"559",1160984,436.27506,"C23H40O6",436.274755823811,0.708879040098626
"560",469274,436.31143,"C24H44O5",436.311125798453,0.744415271529064
"561",1068715,438.2544,"C22H38O7",438.254094443791,0.536685556604725
"562",753838,438.29076,"C23H42O6",438.29045441844,0.594891496609438
"563",500800,440.23363,"C21H36O8",440.233323063848,0.615907589098983
"564",802115,440.27007,"C22H40O7",440.269763038442,0.492138751388151
"565",364102,440.30633,"C23H44O6",440.306023013161,0.777196347936197
"566",671452,442.24931,"C21H38O8",442.249001658492,0.548587410958485
"567",329326,444.12268,"C19H22O12",444.122370352356,1.37964597688394
"568",431247,446.13846,"C19H24O12",446.13814894693,1.66150956524608
"569",532143,448.11739,"C18H22O13",448.117077567197,0.904504031235582
"570",769468,448.27504,"C24H40O6",448.274727457281,0.753182153647594
"571",415935,448.31146,"C25H44O5",448.311147431889,0.676234057718903
"572",1056354,450.29069,"C24H42O6",450.290376051946,0.753073298669962
"573",1110792,452.26996,"C23H40O7",452.269644671975,0.740797311114077
"574",924939,452.30648,"C24H44O6",452.306164646513,0.443440912019305
"575",656816,454.24921,"C22H38O8",454.248893292018,0.772656963408862
"576",846771,454.28567,"C23H42O7",454.285353266598,0.6086689604284
"577",560951,454.3223,"C24H46O6",454.321983241059,0.0705235490394763
"578",565215,456.26487,"C22H40O8",456.264551886676,0.750546422151931
"579",392810,462.1326,"C19H24O13",462.132277795625,0.0963188102406243
"580",589689,462.29066,"C25H42O6",462.290337685423,0.816517451945354
"581",765490,464.30627,"C25H44O6",464.305946280116,0.902286885575607
"582",865259,466.28563,"C24H42O7",466.285304900082,0.696731910280907
"583",421359,466.32186,"C25H46O6",466.321534874822,1.03020364014121
"584",2477128,467.26153,"C23H40O8",467.261419297219,0.256895615145477
"585",2553931,467.29793,"C24H44O7",467.297819288596,0.225875953531282
"586",1160783,467.33434,"C25H48O6",467.334229279969,0.173463169191263
"587",472059,469.13523,"C21H24O12",469.135118853306,2.27262962407253
"588",871941,469.24086,"C22H38O9",469.24074882828,0.117348873881782
"589",1981704,469.27725,"C23H42O8",469.277138819659,0.107780225706921
"590",459151,469.35006,"C25H50O6",469.349948802409,0.0247292049315658
"591",586046,471.15073,"C21H26O12",471.150618375797,1.94338791182236
"592",372424,471.25624,"C22H40O9",471.2561283508,0.69093199148252
"593",488138,471.27176,"C26H40O6",471.271648347123,0.131013459807413
"594",709508,473.16632,"C21H28O12",473.166207898267,1.8071595941735
"595",1132688,473.28743,"C26H42O6",473.287317869574,0.0893416763823122
"596",919881,475.14553,"C20H26O13",475.145417429356,1.68381976089931
"597",1658713,475.30296,"C26H44O6",475.302847392058,0.342572208773008
"598",377693,475.33946,"C27H48O5",475.33934738341,0.101694809916569
"599",2313253,477.31866,"C26H46O6",477.318546914502,0.237507911428921
"600",652329,477.35497,"C27H50O5",477.354856905899,0.395682128461159
"601",496604,479.10391,"C18H22O15",479.103796491544,1.3567080250115
"602",440416,479.14062,"C19H26O14",479.140506482846,2.03383152780894
"603",3294448,479.29794,"C25H44O7",479.297826445574,0.205288570106496
"604",1535732,479.33433,"C26H48O6",479.334216436953,0.195914010405708
"605",3185086,481.27721,"C24H42O8",481.277095976649,0.194112276348287
"606",2362818,481.31363,"C25H46O7",481.313515968021,0.122447698143855
"607",858566,481.34988,"C26H50O6",481.349765959432,0.403967266334085
"608",860815,483.25645,"C23H40O9",483.256335507731,0.245106356989875
"609",2293395,483.29287,"C24H44O8",483.292755499103,0.173731432806603
"610",717159,485.27202,"C23H42O9",485.271905030206,0.410059742810209
"611",437352,485.28721,"C27H42O6",485.287095026607,0.546330431615896
"612",544053,487.18176,"C22H30O12",487.181644577754,1.31717162572819
"613",716099,487.30305,"C27H44O6",487.302934549018,0.1552804736531
"614",4741189,487.32414,"C24H48O8",487.324024544021,0.236076626462059
"615",491847,487.33945,"C28H48O5",487.339334540394,0.125544059338014
"616",569871,489.16106,"C21H28O13",489.160944108821,1.38333713174091
"617",440979,489.19708,"C22H32O12",489.196964100288,0.636062666624883
"618",1510688,489.3187,"C27H46O6",489.318584071473,0.155747149432194
"619",539115,491.14042,"C20H26O14",491.140303639875,1.5711341983075
"620",1762816,491.33438,"C27H48O6",491.334263593922,0.0951517873870582
"621",495108,491.371,"C28H52O5",491.370883585246,0.382063252462801
"622",3389151,493.31361,"C26H46O7",493.313493125006,0.165774382983427
"623",1414371,493.34996,"C27H50O6",493.349843116394,0.237747390099805
"624",2698177,495.29286,"C25H44O8",495.292742656086,0.195452399615841
"625",1921989,495.32926,"C26H48O7",495.329142647462,0.166192692997051
"626",731594,495.36536,"C27H52O6",495.36524263891,0.742550436976959
"627",2813094,497.27211,"C24H42O9",497.271992187166,0.224894164494514
"628",1819306,497.30853,"C25H46O8",497.308412178537,0.155532279439767
"629",646531,501.31838,"C28H46O6",501.31826122853,0.796006534787078
"630",475489,503.17668,"C22H30O13",503.176560788265,1.27845785701259
"631",1666419,503.31901,"C24H48O9",503.318890754545,0.324759442240804
"632",915060,503.33424,"C28H48O6",503.334120750936,0.37667673286188
"633",618578,505.15596,"C21H28O14",505.155840319338,1.30308824124656
"634",1274985,505.34985,"C28H50O6",505.349730273402,0.455398587852541
"635",353733,507.13534,"C20H26O15",507.135219850386,1.52471269033054
"636",3050845,507.32927,"C27H48O7",507.329149804441,0.148154522449312
"637",1066337,507.36579,"C28H52O6",507.365669795789,0.116923432438673
"638",2329171,509.30851,"C26H46O8",509.308389335523,0.196718765121376
"639",2053720,509.34489,"C27H50O7",509.344769326904,0.207530224242677
"640",789084,509.3812,"C28H54O6",509.381079318301,0.355761730556798
"641",1159500,511.2878,"C25H44O9",511.287678866593,0.147114743969975
"642",1666897,511.3241,"C26H48O8",511.323978857993,0.314344375225768
"643",680269,513.30338,"C25H46O9",513.303258389065,0.283963234060614
"644",501715,515.3341,"C29H48O6",515.333977907951,0.645090580358331
"645",796583,468.26482,"C23H40O8",468.264709059522,0.395663096935197
"646",869547,468.30135,"C24H44O7",468.301239050867,0.0871001097070042
"647",516329,470.28032,"C23H42O8",470.280208582013,0.714076843961375
"648",427252,474.29069,"C26H42O6",474.290577631883,0.289952917910051
"649",572094,476.30664,"C26H44O6",476.306527154268,0.33998413573575
"650",485004,478.32201,"C26H46O6",478.32189667679,0.247959881097355
"651",798808,480.30114,"C25H44O7",480.301026207898,0.528068678290981
"652",540380,480.3377,"C26H48O6",480.337586199236,0.16477163772352
"653",678440,482.28043,"C24H42O8",482.280315738968,0.47412132738352
"654",542508,482.31709,"C25H46O7",482.316975730283,0.0950132990418952
"655",487215,482.35337,"C26H50O6",482.353255721687,0.123742018242181
"656",544510,484.29641,"C24H44O8",484.296295261346,0.208135200634673
"657",1319091,488.32746,"C24H48O8",488.327344306316,0.307751550659117
"658",384911,490.32207,"C27H46O6",490.321953833757,0.12532111793572
"659",500849,492.33778,"C27H48O6",492.337663356198,0.00404003543881665
"660",1172306,494.31703,"C26H46O7",494.316912887278,0.0344242346583353
"661",608598,494.35324,"C27H50O6",494.353122878699,0.389459026118592
"662",743733,496.29614,"C25H44O8",496.296022418391,0.346655628728545
"663",642105,496.33264,"C26H48O7",496.332522409743,0.11596622727817
"664",581403,498.27547,"C24H42O9",498.275351949451,0.214883769054904
"665",459167,498.3117,"C25H46O8",498.311581940868,0.526949530015974
"666",399084,504.32238,"C24H48O9",504.322260516828,0.294841810033767
"667",506734,504.33746,"C28H48O6",504.337340513255,0.644076433366152
"668",468964,506.35337,"C28H50O6",506.353250035649,0.12910631484894
"669",735961,508.33274,"C27H48O7",508.332619566701,0.0779000641007069
"670",364766,508.36899,"C28H52O6",508.368869558112,0.188671524458821
"671",747729,510.31167,"C26H46O8",510.311549097856,0.578917003779846
"672",397526,510.34847,"C27H50O7",510.348349089137,0.233287332938089
"673",390362,510.38417,"C28H54O6",510.384049080679,1.10986100174473
"674",587216,512.32757,"C26H48O8",512.327448620253,0.0897269969154912
"675",629081,517.3503,"C29H50O6",517.350312591234,0.680742632054629
"676",1793372,519.31395,"C24H48O10",519.313962639025,0.0119300373576399
"677",997219,519.36561,"C29H52O6",519.365622640282,0.0234274699944761
"678",2006123,521.34495,"C28H50O7",521.344962688455,0.16813648618405
"679",623984,521.38151,"C29H54O6",521.381522689345,0.502804195171569
"680",2285942,523.32416,"C27H48O8",523.324172736625,0.0633388805958249
"681",1515387,523.36052,"C28H52O7",523.36053273751,0.0146024579414229
"682",1327748,525.30342,"C26H46O9",525.303432784796,0.0545140884578598
"683",1505417,525.33985,"C27H50O8",525.339862785683,0.139208992546755
"684",657306,527.31887,"C26H48O9",527.318882833848,0.324999278126374
"685",401361,531.36542,"C30H52O6",531.365432932333,0.334121222303136
"686",647153,533.38137,"C30H54O6",533.381382981397,0.229563251933961
"687",402182,535.30909,"C24H48O11",535.309103028314,0.410177301982529
"688",1804814,535.36048,"C29H52O7",535.360493029564,0.0598953307977734
"689",462099,535.39689,"C30H56O6",535.39690303045,0.0141390609089529
"690",2336046,537.3398,"C28H50O8",537.339813077737,0.0435926711460314
"691",1344819,537.37617,"C29H54O7",537.376183078622,0.0147376498837673
"692",915798,539.35541,"C28H52O8",539.355423126793,0.0307601744723458
"693",801148,541.33487,"C27H50O9",541.334883174969,0.330477627380695
"694",4869597,545.36604,"C27H54O9",545.366053273079,0.0896086634838852
"695",705292,547.34528,"C26H52O10",547.345293321249,0.0445042476692159
"696",412564,547.39668,"C31H56O6",547.3966933225,0.396929458965349
"697",1257031,549.37624,"C30H54O7",549.376253370679,0.142364598862205
"698",1782141,551.35547,"C29H52O8",551.355483418849,0.0792617356851526
"699",1314179,551.39172,"C30H56O7",551.391733419731,0.166493270970049
"700",1526966,553.33477,"C28H50O9",553.334783467021,0.143116021315176
"701",1294524,553.3711,"C29H54O8",553.371113467905,0.0428042696858343
"702",691065,555.35018,"C28H52O9",555.350193516072,0.289589601475987
"703",3068881,561.36092,"C27H54O10",561.360933662361,0.0260732455390761
"704",443098,561.41294,"C32H58O6",561.412953663627,0.700018835829629
"705",394780,563.33988,"C26H52O11",563.339893710525,0.514562680808437
"706",935461,563.39154,"C31H56O7",563.391553711782,0.481922111266992
"707",1343092,565.37106,"C30H54O8",565.37107375996,0.0283376718915798
"708",374377,520.369,"C29H52O6",520.369012664703,0.0906891951664387
"709",399986,522.34854,"C28H50O7",522.34855271288,0.617751725694402
"710",663807,524.32747,"C27H48O8",524.327482761044,0.0225599774770608
"711",366478,526.30628,"C26H46O9",526.306292809204,0.886059599488269
"712",497299,526.34273,"C27H50O8",526.342742810091,0.763463100593205
"713",882625,538.34309,"C28H50O8",538.343103102155,0.0771840520898252
"714",515526,538.37961,"C29H54O7",538.379623103044,0.172636733486238
"715",1445494,546.36942,"C27H54O9",546.369433297499,0.135245393229614
"716",445924,550.37928,"C30H54O7",550.379293395091,0.4301829126352
"717",427035,552.35836,"C29H52O8",552.358373443257,0.762682167166162
"718",563676,554.3746,"C29H54O8",554.374613492329,0.304326922069531
"719",1013880,562.36425,"C27H54O10",562.36426368678,0.0183850229126197
"720",510752,566.37459,"C30H54O8",566.374603784383,0.280738519961317
"721",1057224,567.35024,"C29H52O9",567.350227701378,0.223210193189849
"722",871886,567.38662,"C30H56O8",567.386607700589,0.23290017473766
"723",671269,569.36607,"C29H54O9",569.36605765768,0.0935323142998221
"724",3398327,577.35584,"C27H54O11",577.355827484483,0.0106756981937381
"725",827073,577.40757,"C32H58O7",577.407557483362,0.14235493210421
"726",1104941,579.38689,"C31H56O8",579.386877440456,0.237484543978793
"727",1672605,581.36611,"C30H54O9",581.366097397552,0.159957738885878
"728",467481,583.38198,"C30H56O9",583.381967353853,0.53633241722762
"729",688936,591.37139,"C28H56O11",591.371377180664,0.180142767745618
"730",471220,593.35052,"C27H54O12",593.350507137762,0.406391495916512
"731",913343,593.40247,"C32H58O8",593.402457136636,0.11329205440903
"732",761424,595.38167,"C31H56O9",595.381657093732,0.00441124097830808
"733",4695774,603.40789,"C30H60O10",603.407876919745,0.0127649730081494
"734",928904,605.38708,"C29H58O11",605.387066876842,0.110506012813765
"735",538617,609.39742,"C32H58O9",609.397406789908,0.167803086114739
"736",883055,578.35936,"C27H54O11",578.35934746273,0.274595049044888
"737",618586,582.36939,"C30H54O9",582.369377375803,0.0308605572766922
"738",1691573,604.41131,"C30H60O10",604.411296897994,0.120250469943812
"739",469986,606.39037,"C29H58O11",606.390356855093,0.217550686398508
"740",3904751,619.40274,"C30H60O11",619.402670993467,0.182185317727172
"741",449921,625.31958,"C30H50O12",625.319510334283,0.0994554429035892
"742",3988601,635.3977,"C30H60O12",635.397629211498,0.108987430253056
"743",477337,651.37181,"C33H56O11",651.371737431851,0.389516424158189
"744",488863,651.39251,"C30H60O13",651.392437429545,0.269660127295473
"745",4374859,661.44979,"C33H66O11",661.449716309082,0.0267924791080576
"746",1000364,663.42924,"C32H64O12",663.429166088555,0.252474786535607
"747",1132509,620.40606,"C30H60O11",620.405990881689,0.238485504532064
"748",1456512,636.40079,"C30H60O12",636.400719099745,0.525395287893964
"749",1779327,662.45313,"C33H66O11",662.453056197301,0.0495637489038696
"750",2904416,677.44467,"C33H66O12",677.444755795907,0.158157049136304
"751",3170192,693.43959,"C33H66O13",693.439677821605,0.165185332887572
"752",918195,678.44777,"C33H66O12",678.447855922946,0.217747437744512
"753",1512200,694.44283,"C33H66O13",694.442917948662,0.00047073444645545
"754",3577114,719.49158,"C36H72O12",719.491605739385,0.00958277370557207
"755",1795707,735.48658,"C36H72O13",735.486606311597,0.126235675448408
"756",1685307,751.48123,"C36H72O14",751.481256883796,0.227823945722904
"757",1497306,720.49504,"C36H72O12",720.495065775283,0.155352404274883
"758",901480,752.48493,"C36H72O14",752.484956919703,0.231008581812754
"759",2385074,777.53341,"C39H78O13",777.533471040757,0.00949463517647843
"760",1069050,793.52826,"C39H78O14",793.528322296443,0.0705509959434027
"761",865096,778.53686,"C39H78O13",778.536921119533,0.131607356979031
